Merek;Model;Daerah;Transmisi;Warna;Jenis;Tahun;Kilometer;Engine Size;Harga
Toyota;Avanza;Jawa_Barat;Automatic;Hitam;MPV;2022;37.000;1.5;200.000.000
Toyota;Avanza;Banten;Automatic;Hitam;MPV;2021;60.600;1.3;172.000.000
Toyota;Avanza;Jawa_Barat;Manual;Hitam;MPV;2021;75.000;1.3;167.000.000
Toyota;Avanza;Jakarta;Automatic;Silver;MPV;2021;57.316;1.5;201.000.000
Toyota;Avanza;Banten;Manual;Abu-Abu;MPV;2022;35.545;1.5;189.000.000
Toyota;Avanza;Jakarta;Automatic;Silver;MPV;2022;43.346;1.5;202.000.000
Toyota;Avanza;Jakarta;Automatic;Hitam;MPV;2021;42.638;1.3;159.000.000
Toyota;Avanza;Jawa_Barat;Manual;Putih;MPV;2019;84.000;1.3;136.000.000
Toyota;Avanza;Jawa_Barat;Automatic;Hitam;MPV;2021;45.000;1.3;164.000.000
Toyota;Avanza;Jawa_Barat;Manual;Putih;MPV;2019;67.000;1.3;139.000.000
Toyota;Avanza;Jawa_Barat;Automatic;Hitam;MPV;2021;60.602;1.3;174.000.000
Toyota;Avanza;Banten;Manual;Putih;MPV;2019;72.807;1.3;139.000.000
Toyota;Avanza;Banten;Manual;Silver;MPV;2021;78.665;1.5;167.000.000
Toyota;Avanza;Jakarta;Automatic;Abu-Abu;MPV;2022;35.000;1.5;201.000.000
Toyota;Avanza;Jakarta;Automatic;Hitam;MPV;2023;10.000;1.3;178.000.000
Toyota;Avanza;Banten;Automatic;Silver;MPV;2020;48.912;1.3;152.000.000
Toyota;Avanza;Banten;Manual;Hitam;MPV;2021;59.288;1.3;167.000.000
Toyota;Avanza;Banten;Manual;Putih;MPV;2021;81.928;1.3;167.000.000
Toyota;Avanza;Banten;Manual;Hitam;MPV;2021;77.289;1.3;167.000.000
Toyota;Avanza;Jakarta;Manual;Putih;MPV;2021;73.927;1.3;164.000.000
Toyota;Avanza;Jawa_Barat;Automatic;Silver;MPV;2021;63.888;1.3;168.000.000
Toyota;Avanza;Banten;Automatic;Hitam;MPV;2019;140.412;1.3;147.000.000
Toyota;Avanza;Banten;Automatic;Hitam;MPV;2024;7.000;1.3;189.500.000
Toyota;Avanza;Banten;Automatic;Abu-Abu;MPV;2023;20.309;1.5;210.000.000
Toyota;Avanza;Jawa_Barat;Automatic;Abu-Abu;MPV;2023;15.000;1.5;211.000.000
Toyota;Avanza;Banten;Automatic;Silver;MPV;2021;39.619;1.5;198.000.000
Toyota;Avanza;Jawa_Barat;Automatic;Putih;MPV;2021;45.762;1.3;168.000.000
Toyota;Avanza;Jakarta;Automatic;Hitam;MPV;2021;70.915;1.3;164.000.000
Toyota;Avanza;Jawa_Barat;Automatic;Putih;MPV;2019;89.432;1.3;147.000.000
Toyota;Avanza;Banten;Automatic;Hitam;MPV;2021;61.770;1.3;164.000.000
Toyota;Avanza;Jakarta;Automatic;Hitam;MPV;2022;27.000;1.5;198.000.000
Toyota;Avanza;Banten;Automatic;Silver;MPV;2023;16.434;1.5;210.000.000
Toyota;Avanza;Banten;Automatic;Putih;MPV;2024;30.064;1.5;223.000.000
Toyota;Avanza;Banten;Automatic;Hitam;MPV;2019;140.411;1.3;147.000.000
Toyota;Avanza;Jakarta;Automatic;Silver;MPV;2021;39.619;1.5;198.000.000
Toyota;Avanza;Jawa_Barat;Automatic;Hitam;MPV;2021;60.602;1.3;174.000.000
Toyota;Avanza;Banten;Manual;Hitam;MPV;2017;99.000;1.3;139.000.000
Toyota;Avanza;Jawa_Barat;Manual;Silver;MPV;2017;79.551;1.3;139.000.000
Toyota;Avanza;Banten;Automatic;Silver;MPV;2017;46.089;1.5;155.000.000
Toyota;Avanza;Jakarta;Automatic;Putih;MPV;2017;83.303;1.3;129.000.000
Toyota;Avanza;Banten;Automatic;Putih;MPV;2018;95.000;1.3;135.500.000
Toyota;Avanza;Jawa_Barat;Manual;Putih;MPV;2018;40.595;1.3;139.000.000
Toyota;Avanza;Jakarta;Automatic;Hitam;MPV;2018;77.094;1.3;155.000.000
Toyota;Avanza;Jakarta;Manual;Silver;MPV;2018;69.220;1.3;128.000.000
Toyota;Veloz;Jakarta;Automatic;Hitam;MPV;2022;14.000;1.5;249.000.000
Toyota;Veloz;Jawa_Barat;Automatic;Hitam;MPV;2021;63.000;1.5;192.000.000
Toyota;Veloz;Banten;Manual;Hitam;MPV;2021;71.195;1.5;176.000.000
Toyota;Veloz;Banten;Manual;Hitam;MPV;2021;66.833;1.5;176.000.000
Toyota;Veloz;Jakarta;Manual;Hitam;MPV;2021;54.639;1.5;176.000.000
Toyota;Veloz;Jawa_Barat;Manual;Silver;MPV;2022;38.895;1.5;215.000.000
Toyota;Veloz;Jawa_Barat;Automatic;Hitam;MPV;2020;38.000;1.5;175.000.000
Toyota;Veloz;Banten;Automatic;Hitam;MPV;2021;14.000;1.5;232.000.000
Toyota;Veloz;Jakarta;Automatic;Putih;MPV;2023;18.000;1.5;244.000.000
Toyota;Veloz;Jawa_Barat;Automatic;Putih;MPV;2023;32.000;1.5;235.000.000
Toyota;Veloz;Jawa_Barat;Automatic;Hitam;MPV;2022;33.000;1.5;230.000.000
Toyota;Veloz;Banten;Automatic;Putih;MPV;2021;39.661;1.5;229.000.000
Toyota;Veloz;Jawa_Barat;Automatic;Hitam;MPV;2021;39.000;1.5;219.500.000
Toyota;Veloz;Jakarta;Automatic;Hitam;MPV;2021;30.580;1.5;234.000.000
Toyota;Veloz;Jakarta;Automatic;Hitam;MPV;2022;19.627;1.5;235.000.000
Toyota;Veloz;Jakarta;Automatic;Silver;MPV;2021;32.780;1.5;232.000.000
Toyota;Veloz;Jawa_Barat;Automatic;Hitam;MPV;2023;17.775;1.5;237.000.000
Toyota;Veloz;Jawa_Barat;Automatic;Silver;MPV;2022;29.740;1.5;243.000.000
Toyota;Veloz;Banten;Automatic;Putih;MPV;2022;27.938;1.5;243.000.000
Toyota;Veloz;Jakarta;Automatic;Silver;MPV;2023;2.941;1.5;252.000.000
Toyota;Veloz;Jakarta;Automatic;Hitam;MPV;2020;18.308;1.5;180.000.000
Toyota;Veloz;Jakarta;Automatic;Silver;MPV;2023;15.264;1.5;250.000.000
Toyota;Veloz;Jakarta;Automatic;Hitam;MPV;2020;39.500;1.5;175.000.000
Toyota;Veloz;Banten;Automatic;Putih;MPV;2020;56.380;1.5;170.000.000
Toyota;Veloz;Jakarta;Automatic;Putih;MPV;2022;48.395;1.5;240.000.000
Toyota;Veloz;Jakarta;Automatic;Silver;MPV;2022;37.590;1.5;242.000.000
Toyota;Veloz;Jakarta;Automatic;Silver;MPV;2021;27.490;1.5;233.000.000
Toyota;Veloz;Jakarta;Automatic;Hitam;MPV;2022;26.380;1.5;234.000.000
Toyota;Veloz;Jakarta;Automatic;Hitam;MPV;2023;24.800;1.5;235.000.000
Toyota;Veloz;Jakarta;Automatic;Silver;MPV;2021;5.680;1.5;236.000.000
Toyota;Veloz;Jakarta;Automatic;Hitam;MPV;2023;12.490;1.5;236.000.000
Toyota;Veloz;Jawa_Barat;Automatic;Hitam;MPV;2020;15.780;1.5;180.000.000
Toyota;Veloz;Jakarta;Automatic;Silver;MPV;2020;25.456;1.5;176.000.000
Toyota;Veloz;Banten;Automatic;Putih;MPV;2022;38.020;1.5;242.000.000
Toyota;Veloz;Jawa_Barat;Automatic;Silver;MPV;2023;19.750;1.5;250.000.000
Toyota;Veloz;Banten;Automatic;Putih;MPV;2023;15.627;1.5;245.000.000
Toyota;Veloz;Jakarta;Automatic;Silver;MPV;2020;36.570;1.5;175.000.000
Toyota;Veloz;Banten;Automatic;Hitam;MPV;2023;4.356;1.5;240.000.000
Toyota;Veloz;Jakarta;Automatic;Hitam;MPV;2021;18.308;1.5;242.000.000
Toyota;Veloz;Jakarta;Automatic;Putih;MPV;2020;34.450;1.5;173.000.000
Toyota;Veloz;Jawa_Barat;Automatic;Putih;MPV;2021;23.690;1.5;230.000.000
Toyota;Veloz;Jawa_Barat;Automatic;Hitam;MPV;2021;25.480;1.5;235.000.000
Toyota;Veloz;Jawa_Barat;Automatic;Hitam;MPV;2020;31.460;1.5;172.000.000
Toyota;Veloz;Jakarta;Automatic;Putih;MPV;2023;34.000;1.5;240.000.000
Toyota;Veloz;Banten;Automatic;Hitam;MPV;2020;23.748;1.5;178.000.000
Toyota;Veloz;Banten;Automatic;Silver;MPV;2023;38.490;1.5;245.000.000
Toyota;Veloz;Jawa_Barat;Automatic;Hitam;MPV;2020;29.757;1.5;177.000.000
Toyota;Veloz;Banten;Automatic;Hitam;MPV;2021;24.345;1.5;235.000.000
Toyota;Veloz;Jawa_Barat;Automatic;Hitam;MPV;2020;15.460;1.5;175.000.000
Toyota;Veloz;Jakarta;Automatic;Silver;MPV;2023;45.890;1.5;244.000.000
Toyota;Agya;Banten;Automatic;Putih;Hatchback;2022;34.000;1.2;134.000.000
Toyota;Agya;Banten;Automatic;Abu-Abu;Hatchback;2024;26.474;1.2;159.000.000
Toyota;Agya;Jakarta;Manual;Hitam;Hatchback;2021;24.957;1.2;116.000.000
Toyota;Agya;Jawa_Barat;Automatic;Kuning;Hatchback;2019;51.651;1.2;123.000.000
Toyota;Agya;Jawa_Barat;Automatic;Hitam;Hatchback;2023;39.000;1.2;152.000.000
Toyota;Agya;Jawa_Barat;Manual;Putih;Hatchback;2023;21.000;1.2;159.000.000
Toyota;Agya;Jawa_Barat;Automatic;Hitam;Hatchback;2022;18.262;1.2;141.000.000
Toyota;Agya;Jakarta;Manual;Putih;Hatchback;2018;57.690;1.2;108.000.000
Toyota;Agya;Jawa_Barat;Automatic;Merah;Hatchback;2017;42.000;1.2;121.000.000
Toyota;Agya;Jawa_Barat;Manual;Putih;Hatchback;2019;51.000;1.2;122.000.000
Toyota;Agya;Jawa_Barat;Automatic;Hitam;Hatchback;2024;35.899;1.2;163.000.000
Toyota;Agya;Jawa_Barat;Automatic;Putih;Hatchback;2017;63.000;1.2;120.000.000
Toyota;Agya;Jakarta;Automatic;Putih;Hatchback;2024;24.368;1.2;176.000.000
Toyota;Agya;Jawa_Barat;Manual;Putih;Hatchback;2021;30.942;1.2;126.000.000
Toyota;Agya;Jawa_Barat;Automatic;Abu-Abu;Hatchback;2023;31.000;1.2;153.000.000
Toyota;Agya;Jawa_Barat;Manual;Putih;Hatchback;2021;50.469;1.2;125.000.000
Toyota;Agya;Banten;Automatic;Silver;Hatchback;2018;73.676;1.2;126.000.000
Toyota;Agya;Jawa_Barat;Manual;Abu-Abu;Hatchback;2021;25.000;1.2;124.000.000
Toyota;Agya;Jawa_Barat;Automatic;Putih;Hatchback;2023;21.894;1.2;159.000.000
Toyota;Agya;Jawa_Barat;Automatic;Abu-Abu;Hatchback;2023;31.648;1.2;152.000.000
Toyota;Agya;Jakarta;Manual;Hitam;Hatchback;2017;21.340;1.2;97.000.000
Toyota;Agya;Banten;Manual;Hitam;Hatchback;2024;27.992;1.2;157.000.000
Toyota;Agya;Banten;Automatic;Hitam;Hatchback;2024;26.703;1.2;179.000.000
Toyota;Agya;Banten;Automatic;Putih;Hatchback;2024;18.089;1.2;183.000.000
Toyota;Agya;Jawa_Barat;Automatic;Merah;Hatchback;2023;8.821;1.2;157.000.000
Toyota;Agya;Banten;Manual;Putih;Hatchback;2024;3.453;1.2;159.000.000
Toyota;Agya;Banten;Manual;Putih;Hatchback;2024;5.091;1.2;155.000.000
Toyota;Agya;Banten;Manual;Kuning;Hatchback;2024;8.000;1.2;149.500.000
Toyota;Agya;Jakarta;Manual;Abu-Abu;Hatchback;2022;28.268;1.2;129.000.000
Toyota;Agya;Jawa_Barat;Automatic;Silver;Hatchback;2021;42.440;1.2;136.000.000
Toyota;Agya;Jawa_Barat;Automatic;Putih;Hatchback;2022;35.421;1.2;149.000.000
Toyota;Agya;Jawa_Barat;Automatic;Silver;Hatchback;2022;42.440;1.2;136.000.000
Toyota;Agya;Jakarta;Automatic;Putih;Hatchback;2022;11.172;1.2;140.000.000
Toyota;Agya;Jawa_Barat;Automatic;Putih;Hatchback;2022;5.167;1.2;142.000.000
Toyota;Agya;Banten;Automatic;Hitam;Hatchback;2021;42.440;1.2;137.000.000
Toyota;Agya;Jawa_Barat;Automatic;Putih;Hatchback;2021;26.456;1.2;144.000.000
Toyota;Agya;Jawa_Barat;Automatic;Abu-Abu;Hatchback;2022;40.000;1.2;140.000.000
Toyota;Agya;Jakarta;Automatic;Merah;Hatchback;2022;39.756;1.2;149.000.000
Toyota;Agya;Jakarta;Automatic;Putih;Hatchback;2023;24.367;1.2;176.000.000
Toyota;Agya;Jawa_Barat;Automatic;Silver;Hatchback;2017;66.000;1.2;114.000.000
Toyota;Agya;Banten;Manual;Hitam;Hatchback;2024;27.922;1.2;157.000.000
Toyota;Agya;Banten;Automatic;Merah;Hatchback;2023;36.697;1.2;149.000.000
Toyota;Agya;Jakarta;Automatic;Putih;Hatchback;2023;27.658;1.2;183.000.000
Toyota;Agya;Jawa_Barat;Manual;Putih;Hatchback;2024;2.100;1.2;160.000.000
Toyota;Agya;Banten;Manual;Putih;Hatchback;2018;46.328;1.2;108.000.000
Toyota;Agya;Jawa_Barat;Automatic;Silver;Hatchback;2017;54.728;1.2;117.000.000
Toyota;Agya;Banten;Automatic;Merah;Hatchback;2023;36.697;1.2;151.000.000
Toyota;Agya;Banten;Manual;Abu-Abu;Hatchback;2021;24.967;1.2;126.000.000
Toyota;Agya;Jawa_Barat;Manual;Hitam;Hatchback;2023;15.158;1.2;129.000.000
Toyota;Agya;Jawa_Barat;Automatic;Silver;Hatchback;2022;7.406;1.2;144.000.000
Toyota;Agya;Banten;Automatic;Kuning;Hatchback;2019;51.658;1.2;123.000.000
Toyota;Agya;Jawa_Barat;Manual;Putih;Hatchback;2019;53.040;1.2;122.000.000
Toyota;Agya;Jakarta;Manual;Hitam;Hatchback;2017;38.509;1.2;89.000.000
Toyota;Agya;Jakarta;Automatic;Silver;Hatchback;2017;66.000;1.2;114.000.000
Toyota;Calya;Jakarta;Automatic;Silver;MPV;2024;10.000;1.2;149.000.000
Toyota;Calya;Jakarta;Automatic;Silver;MPV;2021;56.030;1.2;131.000.000
Toyota;Calya;Jakarta;Automatic;Silver;MPV;2020;50.678;1.2;127.000.000
Toyota;Calya;Jawa_Barat;Automatic;Silver;MPV;2020;42.000;1.2;127.000.000
Toyota;Calya;Jawa_Barat;Automatic;Silver;MPV;2020;45.195;1.2;127.000.000
Toyota;Calya;Jawa_Barat;Automatic;Merah;MPV;2020;72.000;1.2;129.000.000
Toyota;Calya;Jawa_Barat;Automatic;Silver;MPV;2020;51.396;1.2;127.000.000
Toyota;Calya;Jakarta;Automatic;Abu-Abu;MPV;2023;6.726;1.2;148.000.000
Toyota;Calya;Jakarta;Automatic;Silver;MPV;2021;46.762;1.2;131.000.000
Toyota;Calya;Jakarta;Automatic;Orange;MPV;2020;12.845;1.2;128.000.000
Toyota;Calya;Jawa_Barat;Automatic;Silver;MPV;2020;39.275;1.2;127.000.000
Toyota;Calya;Banten;Automatic;Abu-Abu;MPV;2018;74.875;1.2;114.000.000
Toyota;Calya;Banten;Automatic;Silver;MPV;2022;18.366;1.2;140.000.000
Toyota;Calya;Jakarta;Automatic;Hitam;MPV;2022;25.000;1.2;139.000.000
Toyota;Calya;Banten;Automatic;Silver;MPV;2024;2.745;1.2;140.000.000
Toyota;Calya;Banten;Automatic;Merah;MPV;2019;80.333;1.2;121.000.000
Toyota;Calya;Jawa_Barat;Manual;Merah;MPV;2019;24.492;1.2;124.000.000
Toyota;Calya;Banten;Automatic;Silver;MPV;2016;97.817;1.2;104.000.000
Toyota;Calya;Jawa_Barat;Manual;Silver;MPV;2021;55.811;1.2;128.000.000
Toyota;Calya;Jakarta;Automatic;Silver;MPV;2016;97.817;1.2;106.000.000
Toyota;Calya;Jakarta;Automatic;Hitam;MPV;2022;26.507;1.2;145.000.000
Toyota;Calya;Banten;Automatic;Merah;MPV;2020;71.537;1.2;128.000.000
Toyota;Calya;Jakarta;Automatic;Silver;MPV;2023;52.052;1.2;147.000.000
Toyota;Calya;Jawa_Barat;Manual;Hitam;MPV;2018;72.067;1.2;112.000.000
Toyota;Calya;Jakarta;Manual;Silver;MPV;2024;2.745;1.2;140.000.000
Toyota;Calya;Jakarta;Manual;Silver;MPV;2024;2.044;1.2;141.000.000
Toyota;Calya;Jakarta;Manual;Abu-Abu;MPV;2021;55.896;1.2;124.000.000
Toyota;Calya;Jawa_Barat;Automatic;Hitam;MPV;2023;43.719;1.2;149.000.000
Toyota;Calya;Jakarta;Automatic;Silver;MPV;2023;52.052;1.2;144.000.000
Toyota;Calya;Jakarta;Automatic;Abu-Abu;MPV;2021;42.820;1.2;132.000.000
Toyota;Calya;Jakarta;Automatic;Silver;MPV;2022;18.365;1.2;142.000.000
Toyota;Calya;Jakarta;Automatic;Putih;MPV;2021;30.000;1.2;120.000.000
Toyota;Calya;Banten;Automatic;Abu-Abu;MPV;2018;74.874;1.2;115.000.000
Toyota;Calya;Jakarta;Manual;Putih;MPV;2021;30.818;1.2;115.000.000
Toyota;Calya;Jakarta;Automatic;Silver;MPV;2024;10.000;1.2;149.000.000
Toyota;Calya;Jawa_Barat;Automatic;Abu-Abu;MPV;2018;74.874;1.2;116.000.000
Toyota;Calya;Banten;Automatic;Merah;MPV;2020;71.537;1.2;129.000.000
Toyota;Calya;Jawa_Barat;Manual;Abu-Abu;MPV;2022;12.000;1.2;132.000.000
Toyota;Calya;Banten;Automatic;Abu-Abu;MPV;2017;43.115;1.2;103.000.000
Toyota;Calya;Jawa_Barat;Manual;Abu-Abu;MPV;2018;88.005;1.2;98.000.000
Toyota;Calya;Banten;Manual;Abu-Abu;MPV;2019;47.591;1.2;110.000.000
Toyota;Calya;Jakarta;Manual;Abu-Abu;MPV;2022;12.000;1.2;132.000.000
Toyota;Calya;Banten;Automatic;Putih;MPV;2017;74.029;1.2;110.000.000
Toyota;Calya;Jawa_Barat;Manual;Hitam;MPV;2018;7.066;1.2;114.000.000
Toyota;Calya;Jakarta;Automatic;Silver;MPV;2020;51.445;1.2;128.000.000
Toyota;Calya;Banten;Automatic;Putih;MPV;2022;9.500;1.2;133.500.000
Toyota;Calya;Jakarta;Automatic;Merah;MPV;2017;89.226;1.2;100.000.000
Toyota;Calya;Jakarta;Automatic;Merah;MPV;2017;72.000;1.2;101.000.000
Toyota;Calya;Jakarta;Automatic;Silver;MPV;2017;74.454;1.2;102.000.000
Toyota;Calya;Jakarta;Automatic;Hitam;MPV;2016;55.998;1.2;98.000.000
Toyota;Raize;Jawa_Barat;Automatic;Putih;SUV;2023;22.579;1.0;201.000.000
Toyota;Raize;Jakarta;Automatic;Biru;SUV;2022;33.183;1.0;192.000.000
Toyota;Raize;Jawa_Barat;Automatic;Putih;SUV;2023;10.000;1.0;203.000.000
Toyota;Raize;Jakarta;Automatic;Hitam;SUV;2022;26.407;1.0;197.000.000
Toyota;Raize;Banten;Automatic;Merah;SUV;2024;2.195;1.0;210.000.000
Toyota;Raize;Jakarta;Automatic;Merah;SUV;2022;9.103;1.0;188.000.000
Toyota;Raize;Jakarta;Automatic;Putih;SUV;2021;46.557;1.0;189.000.000
Toyota;Raize;Jakarta;Automatic;Hitam;SUV;2021;46.142;1.0;189.000.000
Toyota;Raize;Jakarta;Automatic;Kuning;SUV;2021;30.020;1.0;194.000.000
Toyota;Raize;Jawa_Barat;Automatic;Putih;SUV;2023;10.200;1.0;203.000.000
Toyota;Raize;Jakarta;Automatic;Kuning;SUV;2021;11.987;1.0;192.000.000
Toyota;Raize;Banten;Automatic;Putih;SUV;2023;8.765;1.0;197.000.000
Toyota;Raize;Jawa_Barat;Automatic;Biru;SUV;2023;9.456;1.0;187.000.000
Toyota;Raize;Banten;Automatic;Merah;SUV;2022;15.030;1.0;189.000.000
Toyota;Raize;Jawa_Barat;Automatic;Hitam;SUV;2021;7.654;1.0;189.000.000
Toyota;Raize;Jawa_Barat;Automatic;Putih;SUV;2021;8.954;1.0;188.000.000
Toyota;Raize;Jakarta;Automatic;Merah;SUV;2021;9.432;1.0;186.000.000
Toyota;Raize;Banten;Automatic;Merah;SUV;2021;11.903;1.0;187.000.000
Toyota;Raize;Banten;Automatic;Putih;SUV;2022;16.087;1.0;197.000.000
Toyota;Raize;Jakarta;Automatic;Merah;SUV;2021;11.864;1.0;187.000.000
Toyota;Raize;Jakarta;Automatic;Kuning;SUV;2021;10.986;1.0;188.000.000
Toyota;Raize;Jakarta;Automatic;Kuning;SUV;2022;17.864;1.0;196.000.000
Toyota;Raize;Banten;Automatic;Merah;SUV;2021;19.764;1.0;185.000.000
Toyota;Raize;Jakarta;Automatic;Merah;SUV;2022;7.643;1.0;190.000.000
Toyota;Raize;Jakarta;Automatic;Biru;SUV;2023;5.023;1.0;197.000.000
Toyota;Raize;Jawa_Barat;Automatic;Biru;SUV;2021;45.900;1.0;184.000.000
Toyota;Raize;Banten;Automatic;Putih;SUV;2023;66.759;1.0;202.000.000
Toyota;Raize;Jakarta;Automatic;Hitam;SUV;2022;54.300;1.0;192.000.000
Toyota;Raize;Jawa_Barat;Automatic;Hitam;SUV;2023;50.987;1.0;202.000.000
Toyota;Raize;Jakarta;Automatic;Putih;SUV;2021;15.900;1.0;189.000.000
Toyota;Raize;Jawa_Barat;Automatic;Merah;SUV;2022;42.098;1.0;191.000.000
Toyota;Raize;Jakarta;Automatic;Merah;SUV;2021;21.900;1.0;187.000.000
Toyota;Raize;Jawa_Barat;Automatic;Hitam;SUV;2021;25.980;1.0;189.000.000
Toyota;Raize;Jawa_Barat;Automatic;Putih;SUV;2023;80.350;1.0;201.000.000
Toyota;Raize;Jakarta;Automatic;Putih;SUV;2022;45.050;1.0;188.000.000
Toyota;Raize;Jawa_Barat;Automatic;Merah;SUV;2021;67.900;1.0;187.000.000
Toyota;Raize;Banten;Automatic;Biru;SUV;2023;5.900;1.0;196.000.000
Toyota;Raize;Banten;Automatic;Putih;SUV;2021;70.985;1.0;189.000.000
Toyota;Raize;Banten;Automatic;Putih;SUV;2022;40.900;1.0;192.000.000
Toyota;Raize;Jakarta;Automatic;Putih;SUV;2023;5.900;1.0;202.000.000
Toyota;Raize;Jakarta;Automatic;Putih;SUV;2022;57.000;1.0;191.000.000
Toyota;Raize;Jakarta;Automatic;Merah;SUV;2023;15.090;1.0;200.000.000
Toyota;Raize;Jakarta;Automatic;Merah;SUV;2021;89.700;1.0;186.000.000
Toyota;Raize;Banten;Automatic;Merah;SUV;2022;54.900;1.0;192.000.000
Toyota;Raize;Banten;Automatic;Kuning;SUV;2021;60.980;1.0;187.000.000
Toyota;Raize;Jawa_Barat;Automatic;Kuning;SUV;2021;90.500;1.0;187.000.000
Toyota;Raize;Jawa_Barat;Automatic;Putih;SUV;2022;59.800;1.0;192.000.000
Toyota;Raize;Banten;Automatic;Hitam;SUV;2022;45.680;1.0;195.000.000
Toyota;Raize;Jakarta;Automatic;Kuning;SUV;2021;89.765;1.0;188.000.000
Toyota;Raize;Banten;Automatic;Hitam;SUV;2022;79.650;1.0;194.000.000
Toyota;Yaris;Jakarta;Automatic;Merah;Hatchback;2023;14.305;1.2;250.000.000
Toyota;Yaris;Jawa_Barat;Automatic;Putih;Hatchback;2023;15.406;1.2;253.000.000
Toyota;Yaris;Jawa_Barat;Automatic;Merah;Hatchback;2022;20.567;1.2;234.000.000
Toyota;Yaris;Jawa_Barat;Automatic;Kuning;Hatchback;2022;24.305;1.2;235.000.000
Toyota;Yaris;Jakarta;Automatic;Kuning;Hatchback;2021;35.095;1.2;223.000.000
Toyota;Yaris;Jawa_Barat;Automatic;Hitam;Hatchback;2021;40.956;1.2;222.000.000
Toyota;Yaris;Jakarta;Automatic;Kuning;Hatchback;2021;38.065;1.2;223.000.000
Toyota;Yaris;Jakarta;Automatic;Putih;Hatchback;2023;16.790;1.2;254.000.000
Toyota;Yaris;Jakarta;Automatic;Putih;Hatchback;2022;25.906;1.2;234.000.000
Toyota;Yaris;Banten;Automatic;Kuning;Hatchback;2021;48.060;1.2;224.000.000
Toyota;Yaris;Jakarta;Automatic;Kuning;Hatchback;2022;35.090;1.2;235.000.000
Toyota;Yaris;Jawa_Barat;Automatic;Hitam;Hatchback;2022;28.760;1.2;234.000.000
Toyota;Yaris;Jawa_Barat;Automatic;Putih;Hatchback;2021;40.900;1.2;222.000.000
Toyota;Yaris;Jakarta;Automatic;Hitam;Hatchback;2021;48.965;1.2;221.000.000
Toyota;Yaris;Banten;Automatic;Kuning;Hatchback;2021;50.690;1.2;223.000.000
Toyota;Yaris;Banten;Automatic;Hitam;Hatchback;2023;14.350;1.2;254.000.000
Toyota;Yaris;Jawa_Barat;Automatic;Putih;Hatchback;2022;25.987;1.2;235.000.000
Toyota;Yaris;Jawa_Barat;Automatic;Merah;Hatchback;2021;49.060;1.2;223.000.000
Toyota;Yaris;Jakarta;Automatic;Merah;Hatchback;2021;37.890;1.2;223.000.000
Toyota;Yaris;Jawa_Barat;Automatic;Putih;Hatchback;2023;15.670;1.2;255.000.000
Toyota;Yaris;Jawa_Barat;Automatic;Merah;Hatchback;2022;25.890;1.2;235.000.000
Toyota;Yaris;Banten;Automatic;Hitam;Hatchback;2022;28.975;1.2;233.000.000
Toyota;Yaris;Jawa_Barat;Automatic;Merah;Hatchback;2022;20.500;1.2;235.000.000
Toyota;Yaris;Jawa_Barat;Automatic;Putih;Hatchback;2022;30.500;1.2;234.000.000
Toyota;Yaris;Jakarta;Automatic;Merah;Hatchback;2023;10.000;1.2;256.000.000
Toyota;Yaris;Jawa_Barat;Automatic;Hitam;Hatchback;2022;24.500;1.2;234.000.000
Toyota;Yaris;Banten;Automatic;Merah;Hatchback;2022;25.865;1.2;235.000.000
Toyota;Yaris;Jakarta;Automatic;Hitam;Hatchback;2021;50.980;1.2;222.000.000
Toyota;Yaris;Banten;Automatic;Merah;Hatchback;2023;17.980;1.2;256.000.000
Toyota;Yaris;Banten;Automatic;Kuning;Hatchback;2023;20.500;1.2;255.000.000
Toyota;Yaris;Jakarta;Automatic;Hitam;Hatchback;2023;24.970;1.2;254.000.000
Toyota;Yaris;Jakarta;Automatic;Kuning;Hatchback;2022;20.968;1.2;234.000.000
Toyota;Yaris;Banten;Automatic;Putih;Hatchback;2022;21.766;1.2;234.000.000
Toyota;Yaris;Jawa_Barat;Automatic;Hitam;Hatchback;2022;25.980;1.2;233.000.000
Toyota;Yaris;Banten;Automatic;Merah;Hatchback;2023;12.395;1.2;256.000.000
Toyota;Yaris;Banten;Automatic;Putih;Hatchback;2021;48.090;1.2;223.000.000
Toyota;Yaris;Jawa_Barat;Automatic;Putih;Hatchback;2021;35.987;1.2;222.000.000
Toyota;Yaris;Banten;Automatic;Kuning;Hatchback;2023;12.900;1.2;257.000.000
Toyota;Yaris;Jakarta;Automatic;Kuning;Hatchback;2023;11.986;1.2;256.000.000
Toyota;Yaris;Jakarta;Automatic;Hitam;Hatchback;2023;14.980;1.2;254.000.000
Toyota;Yaris;Banten;Automatic;Merah;Hatchback;2021;35.658;1.2;224.000.000
Toyota;Yaris;Jakarta;Automatic;Kuning;Hatchback;2023;11.987;1.2;255.000.000
Toyota;Yaris;Jakarta;Automatic;Kuning;Hatchback;2022;36.758;1.2;235.000.000
Toyota;Yaris;Jakarta;Automatic;Kuning;Hatchback;2022;26.578;1.2;236.000.000
Toyota;Yaris;Banten;Automatic;Merah;Hatchback;2023;14.857;1.2;256.000.000
Toyota;Yaris;Jawa_Barat;Automatic;Kuning;Hatchback;2022;27.599;1.2;235.000.000
Toyota;Yaris;Banten;Automatic;Merah;Hatchback;2022;26.354;1.2;235.000.000
Toyota;Yaris;Jawa_Barat;Automatic;Hitam;Hatchback;2021;48.547;1.2;223.000.000
Toyota;Yaris;Jawa_Barat;Automatic;Kuning;Hatchback;2022;39.674;1.2;235.000.000
Toyota;Yaris;Banten;Automatic;Merah;Hatchback;2021;48.758;1.2;224.000.000
Toyota;Rush;Jakarta;Manual;Hitam;SUV;2022;4.000;1.5;198.000.000
Toyota;Rush;Jawa_Barat;Manual;Hitam;SUV;2023;1.000;1.5;199.500.000
Toyota;Rush;Jawa_Barat;Automatic;Hitam;SUV;2019;155.279;1.5;177.000.000
Toyota;Rush;Jawa_Barat;Automatic;Hitam;SUV;2019;121.840;1.5;187.000.000
Toyota;Rush;Jakarta;Automatic;Hitam;SUV;2020;89.000;1.5;195.000.000
Toyota;Rush;Jakarta;Automatic;Silver;SUV;2020;64.238;1.5;196.000.000
Toyota;Rush;Jakarta;Automatic;Hitam;SUV;2021;39.430;1.5;211.000.000
Toyota;Rush;Jakarta;Automatic;Silver;SUV;2021;56.180;1.5;200.000.000
Toyota;Rush;Banten;Automatic;Silver;SUV;2021;19.855;1.5;209.000.000
Toyota;Rush;Jakarta;Automatic;Hitam;SUV;2022;57.762;1.5;203.000.000
Toyota;Rush;Jakarta;Automatic;Putih;SUV;2022;17.842;1.5;212.000.000
Toyota;Rush;Jawa_Barat;Automatic;Hitam;SUV;2021;48.950;1.5;210.000.000
Toyota;Rush;Jakarta;Automatic;Hitam;SUV;2023;18.000;1.5;227.000.000
Toyota;Rush;Jawa_Barat;Automatic;Putih;SUV;2023;12.860;1.5;232.000.000
Toyota;Rush;Banten;Automatic;Putih;SUV;2019;123.940;1.5;178.000.000
Toyota;Rush;Jawa_Barat;Automatic;Hitam;SUV;2021;47.593;1.5;210.000.000
Toyota;Rush;Jawa_Barat;Automatic;Hitam;SUV;2019;154.845;1.5;177.000.000
Toyota;Rush;Jawa_Barat;Automatic;Putih;SUV;2021;34.800;1.5;205.000.000
Toyota;Rush;Jawa_Barat;Automatic;Putih;SUV;2020;52.431;1.5;197.000.000
Toyota;Rush;Jakarta;Automatic;Silver;SUV;2019;137.580;1.5;185.000.000
Toyota;Rush;Jawa_Barat;Automatic;Silver;SUV;2023;17.990;1.5;224.000.000
Toyota;Rush;Jakarta;Automatic;Putih;SUV;2020;74.627;1.5;195.000.000
Toyota;Rush;Jakarta;Automatic;Hitam;SUV;2022;34.859;1.5;205.000.000
Toyota;Rush;Jakarta;Automatic;Hitam;SUV;2022;32.543;1.5;205.000.000
Toyota;Rush;Banten;Automatic;Hitam;SUV;2022;49.857;1.5;202.000.000
Toyota;Rush;Jakarta;Automatic;Silver;SUV;2019;154.627;1.5;180.000.000
Toyota;Rush;Jawa_Barat;Automatic;Silver;SUV;2021;52.630;1.5;203.000.000
Toyota;Rush;Jawa_Barat;Automatic;Silver;SUV;2023;12.570;1.5;225.000.000
Toyota;Rush;Banten;Automatic;Silver;SUV;2022;31.248;1.5;210.000.000
Toyota;Rush;Jawa_Barat;Automatic;Hitam;SUV;2019;132.546;1.5;180.000.000
Toyota;Rush;Banten;Automatic;Silver;SUV;2020;43.780;1.5;198.000.000
Toyota;Rush;Jawa_Barat;Automatic;Silver;SUV;2022;25.462;1.5;211.000.000
Toyota;Rush;Banten;Automatic;Putih;SUV;2019;123.780;1.5;185.000.000
Toyota;Rush;Jakarta;Automatic;Silver;SUV;2019;136.500;1.5;182.000.000
Toyota;Rush;Banten;Automatic;Silver;SUV;2022;38.570;1.5;210.000.000
Toyota;Rush;Banten;Automatic;Putih;SUV;2022;47.364;1.5;209.000.000
Toyota;Rush;Jawa_Barat;Automatic;Silver;SUV;2021;75.680;1.5;200.000.000
Toyota;Rush;Jawa_Barat;Automatic;Putih;SUV;2019;143.890;1.5;187.000.000
Toyota;Rush;Banten;Automatic;Silver;SUV;2021;51.430;1.5;203.000.000
Toyota;Rush;Jawa_Barat;Automatic;Putih;SUV;2021;34.790;1.5;205.000.000
Toyota;Rush;Jawa_Barat;Automatic;Silver;SUV;2023;28.600;1.5;227.000.000
Toyota;Rush;Jawa_Barat;Automatic;Hitam;SUV;2021;42.357;1.5;210.000.000
Toyota;Rush;Jakarta;Automatic;Putih;SUV;2020;32.490;1.5;197.000.000
Toyota;Rush;Banten;Automatic;Putih;SUV;2022;34.690;1.5;210.000.000
Toyota;Rush;Jakarta;Automatic;Putih;SUV;2023;32.804;1.5;230.000.000
Toyota;Rush;Banten;Automatic;Silver;SUV;2019;98.430;1.5;190.000.000
Toyota;Rush;Jawa_Barat;Automatic;Silver;SUV;2022;47.365;1.5;211.000.000
Toyota;Rush;Jawa_Barat;Automatic;Hitam;SUV;2022;25.260;1.5;207.000.000
Toyota;Rush;Banten;Automatic;Putih;SUV;2020;57.458;1.5;195.000.000
Toyota;Rush;Jakarta;Automatic;Silver;SUV;2020;21.623;1.5;200.000.000
Toyota;Rush;Banten;Automatic;Hitam;SUV;2023;26.780;1.5;225.000.000
Daihatsu;Ayla;Jakarta;Automatic;Putih;Hatchback;2022;13.380;1.2;131.000.000
Daihatsu;Ayla;Jawa_Barat;Manual;Putih;Hatchback;2024;1.000;1.2;127.000.000
Daihatsu;Ayla;Jakarta;Automatic;Putih;Hatchback;2022;13.380;1.2;126.000.000
Daihatsu;Ayla;Jawa_Barat;Manual;Merah;Hatchback;2023;16.000;1.2;118.000.000
Daihatsu;Ayla;Jawa_Barat;Manual;Putih;Hatchback;2020;28.000;1.2;88.000.000
Daihatsu;Ayla;Banten;Manual;Putih;Hatchback;2021;37.517;1.2;106.000.000
Daihatsu;Ayla;Banten;Manual;Hitam;Hatchback;2021;46.951;1.2;91.000.000
Daihatsu;Ayla;Banten;Manual;Putih;Hatchback;2023;17.000;1.2;131.000.000
Daihatsu;Ayla;Jakarta;Manual;Putih;Hatchback;2020;52.651;1.2;113.000.000
Daihatsu;Ayla;Jawa_Barat;Manual;Hitam;Hatchback;2017;54.000;1.2;94.000.000
Daihatsu;Ayla;Jawa_Barat;Manual;Hitam;Hatchback;2022;19.179;1.2;104.000.000
Daihatsu;Ayla;Jawa_Barat;Manual;Hitam;Hatchback;2024;3.000;1.2;114.000.000
Daihatsu;Ayla;Jawa_Barat;Manual;Hitam;Hatchback;2023;40.000;1.2;109.000.000
Daihatsu;Ayla;Jawa_Barat;Manual;Abu-Abu;Hatchback;2019;81.401;1.2;112.000.000
Daihatsu;Ayla;Banten;Manual;Putih;Hatchback;2021;37.518;1.2;110.000.000
Daihatsu;Ayla;Jakarta;Manual;Putih;Hatchback;2023;10.794;1.2;132.000.000
Daihatsu;Ayla;Jakarta;Automatic;Kuning;Hatchback;2022;29.385;1.2;123.000.000
Daihatsu;Ayla;Banten;Manual;Hitam;Hatchback;2021;46.951;1.2;93.000.000
Daihatsu;Ayla;Jawa_Barat;Manual;Hitam;Hatchback;2022;28.000;1.2;111.000.000
Daihatsu;Ayla;Banten;Manual;Merah;Hatchback;2023;16.704;1.2;118.000.000
Daihatsu;Ayla;Jawa_Barat;Manual;Hitam;Hatchback;2017;79.551;1.2;94.000.000
Daihatsu;Ayla;Jawa_Barat;Automatic;Putih;Hatchback;2016;23.000;1.2;92.000.000
Daihatsu;Ayla;Banten;Automatic;Abu-Abu;Hatchback;2020;22.057;1.2;112.000.000
Daihatsu;Ayla;Banten;Manual;Hitam;Hatchback;2024;4.322;1.2;119.000.000
Daihatsu;Ayla;Jakarta;Automatic;Abu-Abu;Hatchback;2020;22.057;1.2;114.000.000
Daihatsu;Ayla;Jawa_Barat;Manual;Merah;Hatchback;2019;57.695;1.2;112.000.000
Daihatsu;Ayla;Banten;Manual;Putih;Hatchback;2020;27.432;1.2;89.000.000
Daihatsu;Ayla;Banten;Manual;Silver;Hatchback;2023;12.156;1.2;106.000.000
Daihatsu;Ayla;Banten;Manual;Putih;Hatchback;2024;1.326;1.2;127.000.000
Daihatsu;Ayla;Jawa_Barat;Automatic;Merah;Hatchback;2024;14.251;1.2;138.000.000
Daihatsu;Ayla;Jakarta;Manual;Putih;Hatchback;2020;28.432;1.2;89.000.000
Daihatsu;Ayla;Jawa_Barat;Manual;Silver;Hatchback;2023;12.156;1.2;106.000.000
Daihatsu;Ayla;Jakarta;Manual;Hitam;Hatchback;2021;46.951;1.2;93.000.000
Daihatsu;Ayla;Jawa_Barat;Manual;Silver;Hatchback;2023;13.156;1.2;108.000.000
Daihatsu;Ayla;Jawa_Barat;Manual;Merah;Hatchback;2022;31.719;1.2;123.000.000
Daihatsu;Ayla;Jakarta;Manual;Putih;Hatchback;2022;29.647;1.2;83.000.000
Daihatsu;Ayla;Banten;Manual;Kuning;Hatchback;2021;13.287;1.2;100.000.000
Daihatsu;Ayla;Jawa_Barat;Automatic;Kuning;Hatchback;2023;5.000;1.2;139.000.000
Daihatsu;Ayla;Jakarta;Manual;Merah;Hatchback;2024;1.069;1.2;127.000.000
Daihatsu;Ayla;Jakarta;Manual;Hitam;Hatchback;2021;42.124;1.2;107.000.000
Daihatsu;Ayla;Jawa_Barat;Automatic;Silver;Hatchback;2022;31.110;1.2;131.000.000
Daihatsu;Ayla;Banten;Manual;Silver;Hatchback;2023;13.813;1.2;119.000.000
Daihatsu;Ayla;Banten;Manual;Putih;Hatchback;2016;49.050;1.2;77.500.000
Daihatsu;Ayla;Jakarta;Automatic;Kuning;Hatchback;2022;25.525;1.2;133.000.000
Daihatsu;Ayla;Jawa_Barat;Automatic;Putih;Hatchback;2021;23.785;1.2;131.000.000
Daihatsu;Ayla;Jawa_Barat;Manual;Merah;Hatchback;2023;20.245;1.2;121.000.000
Daihatsu;Ayla;Jawa_Barat;Manual;Hitam;Hatchback;2022;19.178;1.2;103.000.000
Daihatsu;Ayla;Jakarta;Automatic;Orange;Hatchback;2019;47.084;1.2;107.000.000
Daihatsu;Ayla;Banten;Automatic;Orange;Hatchback;2019;33.000;1.2;103.500.000
Daihatsu;Ayla;Jakarta;Manual;Hitam;Hatchback;2022;11.581;1.2;108.000.000
Daihatsu;Sigra;Jakarta;Automatic;Putih;MPV;2023;18.716;1.2;139.000.000
Daihatsu;Sigra;Jawa_Barat;Automatic;Abu-Abu;MPV;2022;20.394;1.2;134.000.000
Daihatsu;Sigra;Jawa_Barat;Automatic;Orange;MPV;2021;30.890;1.2;129.000.000
Daihatsu;Sigra;Jakarta;Automatic;Orange;MPV;2020;48.604;1.2;124.000.000
Daihatsu;Sigra;Jakarta;Automatic;Silver;MPV;2019;50.680;1.2;118.000.000
Daihatsu;Sigra;Jakarta;Automatic;Putih;MPV;2018;68.760;1.2;113.000.000
Daihatsu;Sigra;Jawa_Barat;Manual;Putih;MPV;2023;9.510;1.2;120.000.000
Daihatsu;Sigra;Banten;Manual;Hitam;MPV;2022;15.490;1.2;115.000.000
Daihatsu;Sigra;Jawa_Barat;Manual;Putih;MPV;2021;25.867;1.2;110.000.000
Daihatsu;Sigra;Jakarta;Manual;Orange;MPV;2020;38.557;1.2;105.000.000
Daihatsu;Sigra;Jakarta;Manual;Orange;MPV;2019;48.580;1.2;100.000.000
Daihatsu;Sigra;Jakarta;Manual;Putih;MPV;2018;68.402;1.2;95.000.000
Daihatsu;Sigra;Jawa_Barat;Manual;Silver;MPV;2019;30.798;1.2;101.000.000
Daihatsu;Sigra;Jawa_Barat;Automatic;Silver;MPV;2018;58.685;1.2;114.000.000
Daihatsu;Sigra;Banten;Manual;Hitam;MPV;2023;15.976;1.2;121.000.000
Daihatsu;Sigra;Banten;Automatic;Abu-Abu;MPV;2019;20.858;1.2;118.000.000
Daihatsu;Sigra;Jakarta;Automatic;Abu-Abu;MPV;2018;49.586;1.2;114.000.000
Daihatsu;Sigra;Jawa_Barat;Manual;Hitam;MPV;2023;18.756;1.2;120.000.000
Daihatsu;Sigra;Banten;Automatic;Putih;MPV;2022;28.595;1.2;133.000.000
Daihatsu;Sigra;Banten;Manual;Putih;MPV;2020;49.572;1.2;104.000.000
Daihatsu;Sigra;Jakarta;Manual;Silver;MPV;2019;59.852;1.2;101.000.000
Daihatsu;Sigra;Jawa_Barat;Manual;Silver;MPV;2020;47.632;1.2;105.000.000
Daihatsu;Sigra;Jawa_Barat;Automatic;Orange;MPV;2023;12.240;1.2;138.000.000
Daihatsu;Sigra;Jawa_Barat;Automatic;Orange;MPV;2022;28.594;1.2;134.000.000
Daihatsu;Sigra;Jakarta;Automatic;Putih;MPV;2023;11.395;1.2;139.000.000
Daihatsu;Sigra;Jakarta;Manual;Putih;MPV;2020;49.227;1.2;106.000.000
Daihatsu;Sigra;Jakarta;Automatic;Hitam;MPV;2018;68.729;1.2;113.000.000
Daihatsu;Sigra;Jawa_Barat;Automatic;Hitam;MPV;2018;80.825;1.2;114.000.000
Daihatsu;Sigra;Jawa_Barat;Automatic;Silver;MPV;2022;29.428;1.2;134.000.000
Daihatsu;Sigra;Jawa_Barat;Automatic;Silver;MPV;2021;39.523;1.2;129.000.000
Daihatsu;Sigra;Banten;Automatic;Abu-Abu;MPV;2018;87.539;1.2;115.000.000
Daihatsu;Sigra;Banten;Manual;Abu-Abu;MPV;2018;68.329;1.2;94.000.000
Daihatsu;Sigra;Jawa_Barat;Automatic;Hitam;MPV;2018;75.283;1.2;114.000.000
Daihatsu;Sigra;Jakarta;Manual;Putih;MPV;2022;28.327;1.2;116.000.000
Daihatsu;Sigra;Banten;Automatic;Abu-Abu;MPV;2019;59.252;1.2;118.000.000
Daihatsu;Sigra;Jakarta;Manual;Orange;MPV;2020;42.852;1.2;105.000.000
Daihatsu;Sigra;Jawa_Barat;Manual;Putih;MPV;2018;62.902;1.2;97.000.000
Daihatsu;Sigra;Jawa_Barat;Automatic;Hitam;MPV;2019;52.052;1.2;102.000.000
Daihatsu;Sigra;Jawa_Barat;Automatic;Putih;MPV;2019;53.834;1.2;101.000.000
Daihatsu;Sigra;Jakarta;Manual;Orange;MPV;2022;25.380;1.2;115.000.000
Daihatsu;Sigra;Banten;Manual;Abu-Abu;MPV;2021;35.839;1.2;110.000.000
Daihatsu;Sigra;Banten;Manual;Abu-Abu;MPV;2020;49.684;1.2;106.000.000
Daihatsu;Sigra;Jakarta;Manual;Orange;MPV;2019;58.376;1.2;100.000.000
Daihatsu;Sigra;Jakarta;Manual;Hitam;MPV;2020;43.238;1.2;106.000.000
Daihatsu;Sigra;Jakarta;Manual;Orange;MPV;2023;19.240;1.2;119.000.000
Daihatsu;Sigra;Banten;Manual;Abu-Abu;MPV;2019;50.986;1.2;102.000.000
Daihatsu;Sigra;Jawa_Barat;Automatic;Abu-Abu;MPV;2019;50.238;1.2;119.000.000
Daihatsu;Sigra;Jawa_Barat;Automatic;Hitam;MPV;2021;38.457;1.2;130.000.000
Daihatsu;Sigra;Jawa_Barat;Manual;Orange;MPV;2020;29.357;1.2;105.000.000
Daihatsu;Sigra;Jakarta;Automatic;Abu-Abu;MPV;2020;42.947;1.2;125.000.000
Daihatsu;Xenia;Jawa_Barat;Manual;Putih;MPV;2021;42.765;1.5;169.000.000
Daihatsu;Xenia;Jakarta;Automatic;Putih;MPV;2019;60.895;1.5;172.000.000
Daihatsu;Xenia;Jawa_Barat;Automatic;Silver;MPV;2022;32.606;1.5;199.000.000
Daihatsu;Xenia;Jakarta;Automatic;Putih;MPV;2019;56.748;1.5;167.000.000
Daihatsu;Xenia;Jakarta;Automatic;Putih;MPV;2019;60.895;1.5;168.000.000
Daihatsu;Xenia;Jakarta;Automatic;Putih;MPV;2019;56.170;1.5;164.000.000
Daihatsu;Xenia;Banten;Automatic;Abu-Abu;MPV;2023;9.689;1.5;223.000.000
Daihatsu;Xenia;Banten;Automatic;Putih;MPV;2019;56.170;1.5;169.000.000
Daihatsu;Xenia;Jakarta;Automatic;Hitam;MPV;2022;29.050;1.5;211.000.000
Daihatsu;Xenia;Banten;Automatic;Putih;MPV;2021;17.659;1.5;200.000.000
Daihatsu;Xenia;Jakarta;Automatic;Hitam;MPV;2022;21.456;1.5;210.000.000
Daihatsu;Xenia;Jakarta;Manual;Hitam;MPV;2019;57.890;1.5;158.000.000
Daihatsu;Xenia;Jakarta;Manual;Putih;MPV;2021;36.480;1.5;168.000.000
Daihatsu;Xenia;Jawa_Barat;Automatic;Hitam;MPV;2023;5.428;1.5;224.000.000
Daihatsu;Xenia;Jakarta;Automatic;Putih;MPV;2022;25.890;1.5;213.000.000
Daihatsu;Xenia;Jakarta;Automatic;Hitam;MPV;2021;36.489;1.5;201.000.000
Daihatsu;Xenia;Jakarta;Manual;Hitam;MPV;2022;23.679;1.5;199.000.000
Daihatsu;Xenia;Jakarta;Automatic;Putih;MPV;2019;64.322;1.5;167.000.000
Daihatsu;Xenia;Jakarta;Automatic;Putih;MPV;2021;31.245;1.5;201.000.000
Daihatsu;Xenia;Jawa_Barat;Manual;Hitam;MPV;2021;32.467;1.5;167.000.000
Daihatsu;Xenia;Jawa_Barat;Manual;Putih;MPV;2021;34.784;1.5;168.000.000
Daihatsu;Xenia;Jakarta;Automatic;Abu-Abu;MPV;2020;47.650;1.5;188.000.000
Daihatsu;Xenia;Jawa_Barat;Automatic;Hitam;MPV;2020;57.065;1.5;189.000.000
Daihatsu;Xenia;Jawa_Barat;Manual;Abu-Abu;MPV;2022;29.860;1.5;200.000.000
Daihatsu;Xenia;Banten;Automatic;Putih;MPV;2020;54.780;1.5;189.000.000
Daihatsu;Xenia;Jawa_Barat;Manual;Abu-Abu;MPV;2022;25.860;1.5;201.000.000
Daihatsu;Xenia;Jakarta;Manual;Hitam;MPV;2020;68.430;1.5;179.000.000
Daihatsu;Xenia;Jawa_Barat;Manual;Hitam;MPV;2019;79.850;1.5;159.000.000
Daihatsu;Xenia;Jawa_Barat;Automatic;Hitam;MPV;2022;31.450;1.5;210.000.000
Daihatsu;Xenia;Jakarta;Automatic;Abu-Abu;MPV;2022;23.890;1.5;209.000.000
Daihatsu;Xenia;Banten;Automatic;Putih;MPV;2022;21.890;1.5;210.000.000
Daihatsu;Xenia;Banten;Manual;Abu-Abu;MPV;2022;20.980;1.5;200.000.000
Daihatsu;Xenia;Jakarta;Manual;Abu-Abu;MPV;2021;39.870;1.5;169.000.000
Daihatsu;Xenia;Jawa_Barat;Manual;Putih;MPV;2021;42.890;1.5;169.000.000
Daihatsu;Xenia;Jawa_Barat;Automatic;Hitam;MPV;2021;37.900;1.5;170.000.000
Daihatsu;Xenia;Banten;Manual;Abu-Abu;MPV;2020;45.780;1.5;180.000.000
Daihatsu;Xenia;Banten;Manual;Putih;MPV;2019;64.210;1.5;160.000.000
Daihatsu;Xenia;Jakarta;Automatic;Hitam;MPV;2021;40.743;1.5;171.000.000
Daihatsu;Xenia;Banten;Manual;Putih;MPV;2021;34.570;1.5;168.000.000
Daihatsu;Xenia;Jawa_Barat;Automatic;Abu-Abu;MPV;2023;11.346;1.5;222.000.000
Daihatsu;Xenia;Jakarta;Automatic;Abu-Abu;MPV;2020;57.970;1.5;189.000.000
Daihatsu;Xenia;Banten;Automatic;Hitam;MPV;2019;75.320;1.5;169.000.000
Daihatsu;Xenia;Banten;Manual;Putih;MPV;2022;24.680;1.5;201.000.000
Daihatsu;Xenia;Banten;Manual;Hitam;MPV;2020;53.597;1.5;179.000.000
Daihatsu;Xenia;Banten;Manual;Hitam;MPV;2023;9.870;1.5;219.000.000
Daihatsu;Xenia;Jakarta;Manual;Hitam;MPV;2019;72.390;1.5;160.000.000
Daihatsu;Xenia;Jawa_Barat;Manual;Abu-Abu;MPV;2021;23.570;1.5;167.000.000
Daihatsu;Xenia;Banten;Manual;Hitam;MPV;2022;27.645;1.5;201.000.000
Daihatsu;Xenia;Jakarta;Automatic;Abu-Abu;MPV;2022;23.409;1.5;211.000.000
Daihatsu;Xenia;Jakarta;Automatic;Hitam;MPV;2021;43.798;1.5;171.000.000
Honda;Brio;Banten;Automatic;Merah;MPV;2017;87.640;1.2;121.000.000
Honda;Brio;Jawa_Barat;Automatic;Silver;MPV;2022;12.864;1.2;158.000.000
Honda;Brio;Jakarta;Automatic;Merah;MPV;2020;31.713;1.2;149.000.000
Honda;Brio;Jakarta;Automatic;Hitam;MPV;2021;28.759;1.2;157.000.000
Honda;Brio;Jakarta;Automatic;Silver;MPV;2022;17.650;1.2;157.000.000
Honda;Brio;Banten;Automatic;Merah;MPV;2023;3.741;1.2;165.000.000
Honda;Brio;Jakarta;Automatic;Putih;MPV;2019;57.640;1.2;145.000.000
Honda;Brio;Jawa_Barat;Manual;Silver;MPV;2017;78.690;1.2;115.000.000
Honda;Brio;Jakarta;Automatic;Hitam;MPV;2023;5.937;1.2;166.000.000
Honda;Brio;Jakarta;Automatic;Abu-Abu;MPV;2022;19.860;1.2;159.000.000
Honda;Brio;Jawa_Barat;Automatic;Putih;MPV;2018;98.670;1.2;131.000.000
Honda;Brio;Jawa_Barat;Manual;Putih;MPV;2019;78.590;1.2;124.000.000
Honda;Brio;Banten;Automatic;Abu-Abu;MPV;2019;67.590;1.2;144.000.000
Honda;Brio;Jawa_Barat;Manual;Hitam;MPV;2020;59.328;1.2;126.000.000
Honda;Brio;Banten;Manual;Putih;MPV;2022;32.050;1.2;149.000.000
Honda;Brio;Banten;Automatic;Merah;MPV;2020;45.968;1.2;149.000.000
Honda;Brio;Banten;Manual;Hitam;MPV;2017;96.402;1.2;116.000.000
Honda;Brio;Jawa_Barat;Automatic;Abu-Abu;MPV;2021;39.584;1.2;156.000.000
Honda;Brio;Jawa_Barat;Automatic;Silver;MPV;2020;43.940;1.2;150.000.000
Honda;Brio;Jakarta;Automatic;Merah;MPV;2022;23.200;1.2;156.000.000
Honda;Brio;Banten;Manual;Putih;MPV;2021;38.570;1.2;128.000.000
Honda;Brio;Banten;Automatic;Abu-Abu;MPV;2023;3.200;1.2;166.000.000
Honda;Brio;Jakarta;Manual;Hitam;MPV;2023;4.350;1.2;152.000.000
Honda;Brio;Jakarta;Automatic;Putih;MPV;2017;91.203;1.2;122.000.000
Honda;Brio;Jawa_Barat;Manual;Silver;MPV;2020;45.860;1.2;125.000.000
Honda;Brio;Banten;Manual;Hitam;MPV;2023;5.670;1.2;152.000.000
Honda;Brio;Banten;Manual;Merah;MPV;2021;34.120;1.2;127.000.000
Honda;Brio;Jakarta;Automatic;Putih;MPV;2022;21.480;1.2;157.000.000
Honda;Brio;Banten;Manual;Abu-Abu;MPV;2023;12.458;1.2;152.000.000
Honda;Brio;Banten;Automatic;Hitam;MPV;2018;86.759;1.2;130.000.000
Honda;Brio;Jakarta;Automatic;Hitam;MPV;2023;8.675;1.2;165.000.000
Honda;Brio;Banten;Manual;Hitam;MPV;2019;76.430;1.2;125.000.000
Honda;Brio;Jawa_Barat;Manual;Putih;MPV;2022;23.850;1.2;148.000.000
Honda;Brio;Jakarta;Automatic;Abu-Abu;MPV;2019;87.643;1.2;146.000.000
Honda;Brio;Jawa_Barat;Manual;Abu-Abu;MPV;2018;95.420;1.2;109.000.000
Honda;Brio;Banten;Automatic;Merah;MPV;2021;36.890;1.2;155.000.000
Honda;Brio;Banten;Manual;Merah;MPV;2019;85.204;1.2;124.000.000
Honda;Brio;Jawa_Barat;Manual;Merah;MPV;2023;8.574;1.2;151.000.000
Honda;Brio;Banten;Manual;Silver;MPV;2021;31.103;1.2;128.000.000
Honda;Brio;Jakarta;Automatic;Merah;MPV;2017;93.250;1.2;121.000.000
Honda;Brio;Banten;Manual;Merah;MPV;2018;85.728;1.2;108.000.000
Honda;Brio;Jakarta;Manual;Merah;MPV;2020;48.970;1.2;123.000.000
Honda;Brio;Jawa_Barat;Automatic;Merah;MPV;2018;82.450;1.2;128.000.000
Honda;Brio;Jakarta;Manual;Silver;MPV;2021;34.970;1.2;128.000.000
Honda;Brio;Banten;Manual;Merah;MPV;2017;96.825;1.2;115.000.000
Honda;Brio;Jakarta;Manual;Putih;MPV;2022;32.580;1.2;147.000.000
Honda;Brio;Jawa_Barat;Manual;Merah;MPV;2022;29.680;1.2;146.000.000
Honda;Brio;Jawa_Barat;Automatic;Hitam;MPV;2022;23.860;1.2;157.000.000
Honda;Brio;Banten;Manual;Abu-Abu;MPV;2020;59.080;1.2;125.000.000
Honda;Brio;Jawa_Barat;Manual;Silver;MPV;2019;89.040;1.2;125.000.000
Honda;BRV;Jawa_Barat;Automatic;Putih;MPV;2018;70.934;1.5;182.000.000
Honda;BRV;Banten;Automatic;Hitam;MPV;2018;67.820;1.5;181.000.000
Honda;BRV;Banten;Automatic;Silver;MPV;2018;65.739;1.5;182.000.000
Honda;BRV;Jakarta;Automatic;Abu-Abu;MPV;2020;29.485;1.5;196.000.000
Honda;BRV;Jakarta;Automatic;Silver;MPV;2020;26.479;1.5;203.000.000
Honda;BRV;Jawa_Barat;Automatic;Silver;MPV;2022;12.958;1.5;238.000.000
Honda;BRV;Banten;Automatic;Hitam;MPV;2018;97.840;1.5;180.000.000
Honda;BRV;Jawa_Barat;Automatic;Abu-Abu;MPV;2022;19.867;1.5;239.000.000
Honda;BRV;Jakarta;Automatic;Abu-Abu;MPV;2023;7.658;1.5;242.000.000
Honda;BRV;Jawa_Barat;Automatic;Silver;MPV;2018;86.904;1.5;181.000.000
Honda;BRV;Banten;Automatic;Abu-Abu;MPV;2022;29.458;1.5;235.000.000
Honda;BRV;Banten;Automatic;Silver;MPV;2017;29.376;1.5;177.000.000
Honda;BRV;Jakarta;Automatic;Hitam;MPV;2020;28.690;1.5;202.000.000
Honda;BRV;Banten;Automatic;Putih;MPV;2021;17.462;1.5;222.000.000
Honda;BRV;Banten;Automatic;Hitam;MPV;2023;5.768;1.5;241.000.000
Honda;BRV;Jawa_Barat;Automatic;Hitam;MPV;2020;39.435;1.5;202.000.000
Honda;BRV;Jawa_Barat;Automatic;Silver;MPV;2017;71.291;1.5;156.000.000
Honda;BRV;Jawa_Barat;Automatic;Abu-Abu;MPV;2017;86.739;1.5;158.000.000
Honda;BRV;Jawa_Barat;Automatic;Abu-Abu;MPV;2021;34.809;1.5;223.000.000
Honda;BRV;Jawa_Barat;Automatic;Hitam;MPV;2021;27.345;1.5;221.000.000
Honda;BRV;Jawa_Barat;Automatic;Hitam;MPV;2021;26.573;1.5;222.000.000
Honda;BRV;Banten;Automatic;Hitam;MPV;2023;7.583;1.5;240.000.000
Honda;BRV;Banten;Automatic;Abu-Abu;MPV;2022;14.357;1.5;235.000.000
Honda;BRV;Jakarta;Automatic;Putih;MPV;2019;56.084;1.5;182.000.000
Honda;BRV;Jawa_Barat;Automatic;Abu-Abu;MPV;2020;48.356;1.5;202.000.000
Honda;BRV;Jawa_Barat;Automatic;Putih;MPV;2020;34.750;1.5;201.000.000
Honda;BRV;Jawa_Barat;Automatic;Hitam;MPV;2018;98.390;1.5;180.000.000
Honda;BRV;Jakarta;Automatic;Hitam;MPV;2023;3.285;1.5;240.000.000
Honda;BRV;Jakarta;Automatic;Hitam;MPV;2022;14.285;1.5;233.000.000
Honda;BRV;Jakarta;Automatic;Hitam;MPV;2020;45.936;1.5;202.000.000
Honda;BRV;Banten;Automatic;Putih;MPV;2022;28.538;1.5;233.000.000
Honda;BRV;Jawa_Barat;Automatic;Silver;MPV;2018;86.370;1.5;183.000.000
Honda;BRV;Jakarta;Automatic;Abu-Abu;MPV;2021;34.850;1.5;223.000.000
Honda;BRV;Jawa_Barat;Automatic;Silver;MPV;2017;65.471;1.5;167.000.000
Honda;BRV;Jakarta;Automatic;Abu-Abu;MPV;2023;7.684;1.5;243.000.000
Honda;BRV;Banten;Automatic;Hitam;MPV;2017;90.648;1.5;177.000.000
Honda;BRV;Jawa_Barat;Automatic;Abu-Abu;MPV;2017;87.673;1.5;167.000.000
Honda;BRV;Jawa_Barat;Automatic;Putih;MPV;2021;28.529;1.5;222.000.000
Honda;BRV;Banten;Automatic;Silver;MPV;2020;45.830;1.5;186.000.000
Honda;BRV;Jakarta;Automatic;Hitam;MPV;2019;96.380;1.5;180.000.000
Honda;BRV;Jakarta;Automatic;Hitam;MPV;2021;18.520;1.5;221.000.000
Honda;BRV;Jawa_Barat;Automatic;Hitam;MPV;2023;7.683;1.5;242.000.000
Honda;BRV;Banten;Automatic;Putih;MPV;2018;96.372;1.5;181.000.000
Honda;BRV;Jawa_Barat;Automatic;Putih;MPV;2020;38.525;1.5;202.000.000
Honda;BRV;Jakarta;Automatic;Putih;MPV;2020;29.852;1.5;203.000.000
Honda;BRV;Banten;Automatic;Silver;MPV;2022;24.768;1.5;234.000.000
Honda;BRV;Banten;Automatic;Silver;MPV;2023;8.390;1.5;245.000.000
Honda;BRV;Banten;Automatic;Putih;MPV;2017;75.684;1.5;167.000.000
Honda;BRV;Jakarta;Automatic;Putih;MPV;2023;9.684;1.5;242.000.000
Honda;BRV;Jakarta;Automatic;Putih;MPV;2020;35.208;1.5;202.000.000
Honda;CRV;Jawa_Barat;Automatic;Silver;SUV;2018;98.659;1.5;205.000.000
Honda;CRV;Jakarta;Automatic;Putih;SUV;2017;50.743;1.5;207.000.000
Honda;CRV;Banten;Automatic;Abu-Abu;SUV;2023;2.348;1.5;309.000.000
Honda;CRV;Jawa_Barat;Automatic;Abu-Abu;SUV;2017;76.840;1.5;206.000.000
Honda;CRV;Jawa_Barat;Automatic;Hitam;SUV;2020;39.482;1.5;234.000.000
Honda;CRV;Banten;Automatic;Silver;SUV;2022;28.592;1.5;287.500.000
Honda;CRV;Jakarta;Automatic;Hitam;SUV;2019;53.020;1.5;238.000.000
Honda;CRV;Banten;Automatic;Putih;SUV;2021;23.492;1.5;239.000.000
Honda;CRV;Jawa_Barat;Automatic;Putih;SUV;2017;105.980;1.5;204.000.000
Honda;CRV;Jawa_Barat;Automatic;Silver;SUV;2022;23.527;1.5;285.000.000
Honda;CRV;Banten;Automatic;Hitam;SUV;2020;48.305;1.5;232.000.000
Honda;CRV;Banten;Automatic;Hitam;SUV;2021;39.408;1.5;248.000.000
Honda;CRV;Jawa_Barat;Automatic;Abu-Abu;SUV;2021;25.829;1.5;245.000.000
Honda;CRV;Jakarta;Automatic;Hitam;SUV;2022;45.890;1.5;280.000.000
Honda;CRV;Banten;Automatic;Hitam;SUV;2020;67.864;1.5;235.000.000
Honda;CRV;Banten;Automatic;Abu-Abu;SUV;2022;38.590;1.5;283.000.000
Honda;CRV;Banten;Automatic;Putih;SUV;2021;56.849;1.5;239.000.000
Honda;CRV;Jakarta;Automatic;Putih;SUV;2019;86.784;1.5;235.000.000
Honda;CRV;Jakarta;Automatic;Hitam;SUV;2023;14.590;1.5;317.000.000
Honda;CRV;Banten;Automatic;Hitam;SUV;2020;75.930;1.5;234.000.000
Honda;CRV;Jakarta;Automatic;Hitam;SUV;2023;15.869;1.5;315.000.000
Honda;CRV;Jakarta;Automatic;Putih;SUV;2017;98.539;1.5;205.000.000
Honda;CRV;Jawa_Barat;Automatic;Putih;SUV;2022;43.492;1.5;282.000.000
Honda;CRV;Banten;Automatic;Hitam;SUV;2023;14.819;1.5;318.000.000
Honda;CRV;Jakarta;Automatic;Putih;SUV;2021;24.828;1.5;238.000.000
Honda;CRV;Jawa_Barat;Automatic;Abu-Abu;SUV;2023;12.934;1.5;310.000.000
Honda;CRV;Banten;Automatic;Hitam;SUV;2023;6.788;1.5;317.000.000
Honda;CRV;Jawa_Barat;Automatic;Abu-Abu;SUV;2020;39.850;1.5;232.000.000
Honda;CRV;Jakarta;Automatic;Abu-Abu;SUV;2021;29.348;1.5;244.000.000
Honda;CRV;Jawa_Barat;Automatic;Putih;SUV;2022;17.689;1.5;281.000.000
Honda;CRV;Jawa_Barat;Automatic;Abu-Abu;SUV;2018;67.859;1.5;229.000.000
Honda;CRV;Banten;Automatic;Abu-Abu;SUV;2019;58.459;1.5;232.000.000
Honda;CRV;Banten;Automatic;Putih;SUV;2020;34.982;1.5;230.000.000
Honda;CRV;Banten;Automatic;Hitam;SUV;2018;69.803;1.5;215.000.000
Honda;CRV;Banten;Automatic;Hitam;SUV;2017;124.000;1.5;173.000.000
Honda;CRV;Jakarta;Automatic;Putih;SUV;2019;53.242;1.5;235.000.000
Honda;CRV;Banten;Automatic;Hitam;SUV;2017;93.753;1.5;173.000.000
Honda;CRV;Jawa_Barat;Automatic;Putih;SUV;2017;93.420;1.5;172.000.000
Honda;CRV;Banten;Automatic;Putih;SUV;2018;65.274;1.5;220.000.000
Honda;CRV;Jakarta;Automatic;Abu-Abu;SUV;2020;32.482;1.5;232.000.000
Honda;CRV;Jawa_Barat;Automatic;Hitam;SUV;2018;89.025;1.5;216.000.000
Honda;CRV;Jawa_Barat;Automatic;Putih;SUV;2021;32.527;1.5;258.000.000
Honda;CRV;Jawa_Barat;Automatic;Hitam;SUV;2019;75.820;1.5;238.000.000
Honda;CRV;Banten;Automatic;Hitam;SUV;2023;14.830;1.5;318.000.000
Honda;CRV;Jawa_Barat;Automatic;Putih;SUV;2021;57.389;1.5;239.000.000
Honda;CRV;Jakarta;Automatic;Putih;SUV;2021;48.290;1.5;248.000.000
Honda;CRV;Jawa_Barat;Automatic;Abu-Abu;SUV;2022;32.482;1.5;283.000.000
Honda;CRV;Jawa_Barat;Automatic;Hitam;SUV;2021;38.769;1.5;244.000.000
Honda;CRV;Jakarta;Automatic;Hitam;SUV;2018;87.670;1.5;216.000.000
Honda;CRV;Jawa_Barat;Automatic;Putih;SUV;2023;5.480;1.5;317.000.000
Honda;HRV;Jakarta;Automatic;Putih;SUV;2017;108.390;1.5;207.000.000
Honda;HRV;Banten;Automatic;Abu-Abu;SUV;2023;8.670;1.5;309.000.000
Honda;HRV;Jawa_Barat;Automatic;Hitam;SUV;2023;5.392;1.5;325.000.000
Honda;HRV;Banten;Automatic;Abu-Abu;SUV;2023;8.694;1.5;310.000.000
Honda;HRV;Jakarta;Automatic;Silver;SUV;2021;28.670;1.5;239.000.000
Honda;HRV;Jakarta;Automatic;Silver;SUV;2021;25.628;1.5;238.000.000
Honda;HRV;Jakarta;Automatic;Putih;SUV;2017;98.539;1.5;206.000.000
Honda;HRV;Jakarta;Automatic;Hitam;SUV;2020;38.579;1.5;234.000.000
Honda;HRV;Jakarta;Automatic;Hitam;SUV;2020;35.467;1.5;233.000.000
Honda;HRV;Banten;Automatic;Silver;SUV;2020;49.508;1.5;232.000.000
Honda;HRV;Jawa_Barat;Automatic;Abu-Abu;SUV;2021;39.582;1.5;239.000.000
Honda;HRV;Jawa_Barat;Automatic;Hitam;SUV;2020;67.064;1.5;222.000.000
Honda;HRV;Banten;Automatic;Hitam;SUV;2019;75.829;1.5;238.000.000
Honda;HRV;Jawa_Barat;Automatic;Putih;SUV;2023;8.759;1.5;305.000.000
Honda;HRV;Banten;Automatic;Putih;SUV;2020;59.385;1.5;230.000.000
Honda;HRV;Banten;Automatic;Putih;SUV;2019;69.380;1.5;235.000.000
Honda;HRV;Banten;Automatic;Hitam;SUV;2019;56.780;1.5;237.000.000
Honda;HRV;Jakarta;Automatic;Putih;SUV;2021;36.578;1.5;236.000.000
Honda;HRV;Jawa_Barat;Automatic;Abu-Abu;SUV;2023;4.589;1.5;309.000.000
Honda;HRV;Jawa_Barat;Automatic;Hitam;SUV;2023;8.679;1.5;317.000.000
Honda;HRV;Banten;Automatic;Hitam;SUV;2017;124.000;1.5;173.000.000
Honda;HRV;Banten;Automatic;Abu-Abu;SUV;2017;78.699;1.5;192.000.000
Honda;HRV;Jakarta;Automatic;Abu-Abu;SUV;2020;53.349;1.5;232.000.000
Honda;HRV;Jawa_Barat;Automatic;Silver;SUV;2019;78.539;1.5;234.000.000
Honda;HRV;Jawa_Barat;Automatic;Hitam;SUV;2019;62.852;1.5;236.000.000
Honda;HRV;Jakarta;Automatic;Hitam;SUV;2022;29.419;1.5;287.500.000
Honda;HRV;Jawa_Barat;Automatic;Silver;SUV;2018;86.578;1.5;217.000.000
Honda;HRV;Jakarta;Automatic;Abu-Abu;SUV;2023;8.578;1.5;309.000.000
Honda;HRV;Jawa_Barat;Automatic;Abu-Abu;SUV;2021;28.475;1.5;239.000.000
Honda;HRV;Banten;Automatic;Abu-Abu;SUV;2023;12.384;1.5;308.000.000
Honda;HRV;Banten;Automatic;Silver;SUV;2018;98.537;1.5;215.000.000
Honda;HRV;Jawa_Barat;Automatic;Hitam;SUV;2021;34.928;1.5;238.000.000
Honda;HRV;Jawa_Barat;Automatic;Hitam;SUV;2020;58.637;1.5;234.000.000
Honda;HRV;Banten;Automatic;Putih;SUV;2020;48.370;1.5;232.000.000
Honda;HRV;Jakarta;Automatic;Abu-Abu;SUV;2022;23.840;1.5;285.000.000
Honda;HRV;Jawa_Barat;Automatic;Putih;SUV;2020;38.579;1.5;231.000.000
Honda;HRV;Jakarta;Automatic;Silver;SUV;2023;11.753;1.5;315.000.000
Honda;HRV;Banten;Automatic;Silver;SUV;2022;38.427;1.5;286.000.000
Honda;HRV;Jakarta;Automatic;Abu-Abu;SUV;2018;87.528;1.5;210.000.000
Honda;HRV;Jakarta;Automatic;Putih;SUV;2019;75.289;1.5;234.000.000
Honda;HRV;Jakarta;Automatic;Abu-Abu;SUV;2017;55.615;1.5;206.000.000
Honda;HRV;Jakarta;Automatic;Silver;SUV;2019;85.729;1.5;233.000.000
Honda;HRV;Jawa_Barat;Automatic;Silver;SUV;2023;24.820;1.5;313.000.000
Honda;HRV;Jawa_Barat;Automatic;Silver;SUV;2021;37.683;1.5;238.000.000
Honda;HRV;Jakarta;Automatic;Hitam;SUV;2021;24.829;1.5;239.000.000
Honda;HRV;Banten;Automatic;Putih;SUV;2018;98.268;1.5;205.000.000
Honda;HRV;Banten;Automatic;Silver;SUV;2020;23.852;1.5;234.000.000
Honda;HRV;Jakarta;Automatic;Silver;SUV;2017;98.520;1.5;204.000.000
Honda;HRV;Jakarta;Automatic;Silver;SUV;2018;85.728;1.5;215.000.000
Honda;HRV;Jawa_Barat;Automatic;Hitam;SUV;2021;34.729;1.5;238.000.000
Suzuki;Ertiga;Jawa_Barat;Automatic;Hitam;MPV;2020;35.870;1.5;182.000.000
Suzuki;Ertiga;Banten;Manual;Hitam;MPV;2022;13.958;1.5;160.000.000
Suzuki;Ertiga;Jakarta;Automatic;Abu-Abu;MPV;2020;49.589;1.5;181.000.000
Suzuki;Ertiga;Jawa_Barat;Automatic;Hitam;MPV;2020;54.980;1.5;182.000.000
Suzuki;Ertiga;Banten;Automatic;Hitam;MPV;2019;68.900;1.5;181.000.000
Suzuki;Ertiga;Banten;Automatic;Putih;MPV;2020;48.760;1.5;180.000.000
Suzuki;Ertiga;Banten;Manual;Putih;MPV;2018;56.470;1.5;165.000.000
Suzuki;Ertiga;Jakarta;Manual;Hitam;MPV;2019;57.869;1.5;147.000.000
Suzuki;Ertiga;Banten;Automatic;Putih;MPV;2023;8.679;1.5;216.000.000
Suzuki;Ertiga;Jawa_Barat;Automatic;Abu-Abu;MPV;2018;90.853;1.5;166.000.000
Suzuki;Ertiga;Banten;Manual;Putih;MPV;2022;17.680;1.5;187.000.000
Suzuki;Ertiga;Banten;Automatic;Silver;MPV;2019;76.839;1.5;175.000.000
Suzuki;Ertiga;Jawa_Barat;Manual;Abu-Abu;MPV;2017;98.294;1.5;127.000.000
Suzuki;Ertiga;Jawa_Barat;Manual;Putih;MPV;2019;85.729;1.5;145.000.000
Suzuki;Ertiga;Jawa_Barat;Manual;Putih;MPV;2017;96.420;1.5;137.000.000
Suzuki;Ertiga;Jakarta;Automatic;Putih;MPV;2022;24.829;1.5;215.000.000
Suzuki;Ertiga;Banten;Automatic;Putih;MPV;2018;76.739;1.5;157.000.000
Suzuki;Ertiga;Jawa_Barat;Automatic;Abu-Abu;MPV;2021;34.890;1.5;192.000.000
Suzuki;Ertiga;Jakarta;Automatic;Abu-Abu;MPV;2019;73.958;1.5;175.000.000
Suzuki;Ertiga;Banten;Manual;Hitam;MPV;2017;98.739;1.5;137.000.000
Suzuki;Ertiga;Banten;Automatic;Hitam;MPV;2022;28.379;1.5;209.000.000
Suzuki;Ertiga;Jakarta;Automatic;Hitam;MPV;2020;38.742;1.5;182.000.000
Suzuki;Ertiga;Banten;Manual;Putih;MPV;2019;86.739;1.5;166.000.000
Suzuki;Ertiga;Banten;Manual;Abu-Abu;MPV;2019;75.820;1.5;167.000.000
Suzuki;Ertiga;Jakarta;Automatic;Silver;MPV;2021;37.672;1.5;170.000.000
Suzuki;Ertiga;Banten;Automatic;Abu-Abu;MPV;2022;28.300;1.5;205.000.000
Suzuki;Ertiga;Jakarta;Manual;Abu-Abu;MPV;2018;87.560;1.5;158.000.000
Suzuki;Ertiga;Jawa_Barat;Manual;Putih;MPV;2022;25.638;1.5;187.000.000
Suzuki;Ertiga;Jakarta;Manual;Abu-Abu;MPV;2019;76.329;1.5;168.000.000
Suzuki;Ertiga;Jawa_Barat;Automatic;Abu-Abu;MPV;2020;31.270;1.5;181.000.000
Suzuki;Ertiga;Jawa_Barat;Manual;Abu-Abu;MPV;2019;65.728;1.5;167.000.000
Suzuki;Ertiga;Banten;Manual;Putih;MPV;2020;28.745;1.5;170.000.000
Suzuki;Ertiga;Jakarta;Automatic;Hitam;MPV;2018;75.620;1.5;167.000.000
Suzuki;Ertiga;Banten;Automatic;Abu-Abu;MPV;2021;27.529;1.5;192.000.000
Suzuki;Ertiga;Banten;Automatic;Putih;MPV;2019;64.290;1.5;175.000.000
Suzuki;Ertiga;Jawa_Barat;Manual;Hitam;MPV;2018;78.396;1.5;166.000.000
Suzuki;Ertiga;Jakarta;Manual;Hitam;MPV;2019;53.927;1.5;165.000.000
Suzuki;Ertiga;Jakarta;Automatic;Putih;MPV;2018;78.963;1.5;152.000.000
Suzuki;Ertiga;Jawa_Barat;Manual;Silver;MPV;2022;23.859;1.5;187.000.000
Suzuki;Ertiga;Jawa_Barat;Manual;Abu-Abu;MPV;2018;65.729;1.5;158.000.000
Suzuki;Ertiga;Banten;Manual;Hitam;MPV;2022;26.482;1.5;190.000.000
Suzuki;Ertiga;Banten;Manual;Silver;MPV;2019;68.927;1.5;165.000.000
Suzuki;Ertiga;Banten;Automatic;Silver;MPV;2021;37.657;1.5;172.000.000
Suzuki;Ertiga;Jakarta;Manual;Hitam;MPV;2018;69.386;1.5;167.000.000
Suzuki;Ertiga;Jawa_Barat;Manual;Silver;MPV;2020;35.790;1.5;172.000.000
Suzuki;Ertiga;Banten;Manual;Hitam;MPV;2022;18.490;1.5;189.000.000
Suzuki;Ertiga;Banten;Automatic;Hitam;MPV;2022;25.790;1.5;211.000.000
Suzuki;Ertiga;Jakarta;Manual;Abu-Abu;MPV;2021;38.759;1.5;172.000.000
Suzuki;Ertiga;Jawa_Barat;Automatic;Abu-Abu;MPV;2019;68.053;1.5;180.000.000
Suzuki;Ertiga;Jawa_Barat;Automatic;Putih;MPV;2020;46.825;1.5;180.000.000
Suzuki;Ignis;Jawa_Barat;Manual;Putih;MPV;2017;73.850;1.2;109.000.000
Suzuki;Ignis;Jakarta;Manual;Silver;MPV;2017;80.241;1.2;108.000.000
Suzuki;Ignis;Jakarta;Manual;Abu-Abu;MPV;2017;86.132;1.2;112.000.000
Suzuki;Ignis;Banten;Automatic;Merah;MPV;2017;62.036;1.2;121.000.000
Suzuki;Ignis;Jawa_Barat;Manual;Abu-Abu;MPV;2017;53.028;1.2;114.000.000
Suzuki;Ignis;Jakarta;Manual;Silver;MPV;2017;52.980;1.2;110.000.000
Suzuki;Ignis;Jakarta;Manual;Silver;MPV;2017;46.492;1.2;104.000.000
Suzuki;Ignis;Banten;Manual;Biru;MPV;2017;45.732;1.2;104.000.000
Suzuki;Ignis;Jawa_Barat;Manual;Merah;MPV;2017;20.830;1.2;94.000.000
Suzuki;Ignis;Banten;Manual;Silver;MPV;2017;46.794;1.2;104.000.000
Suzuki;Ignis;Jakarta;Manual;Abu-Abu;MPV;2018;48.951;1.2;103.000.000
Suzuki;Ignis;Jakarta;Automatic;Merah;MPV;2018;31.284;1.2;127.000.000
Suzuki;Ignis;Jawa_Barat;Automatic;Putih;MPV;2018;69.476;1.2;127.000.000
Suzuki;Ignis;Jawa_Barat;Manual;Merah;MPV;2018;79.505;1.2;115.000.000
Suzuki;Ignis;Banten;Manual;Hitam;MPV;2018;56.882;1.2;117.000.000
Suzuki;Ignis;Jawa_Barat;Automatic;Merah;MPV;2018;46.261;1.2;129.000.000
Suzuki;Ignis;Banten;Automatic;Orange;MPV;2018;46.659;1.2;130.000.000
Suzuki;Ignis;Jakarta;Automatic;Biru;MPV;2018;53.239;1.2;127.000.000
Suzuki;Ignis;Jakarta;Automatic;Putih;MPV;2018;69.476;1.2;122.000.000
Suzuki;Ignis;Jakarta;Manual;Merah;MPV;2018;79.980;1.2;110.000.000
Suzuki;Ignis;Banten;Automatic;Merah;MPV;2018;45.980;1.2;125.000.000
Suzuki;Ignis;Banten;Manual;Hitam;MPV;2018;56.980;1.2;107.000.000
Suzuki;Ignis;Jakarta;Automatic;Abu-Abu;MPV;2019;31.377;1.2;127.000.000
Suzuki;Ignis;Jakarta;Automatic;Abu-Abu;MPV;2019;20.880;1.2;130.000.000
Suzuki;Ignis;Banten;Automatic;Abu-Abu;MPV;2019;65.020;1.2;129.000.000
Suzuki;Ignis;Jawa_Barat;Automatic;Orange;MPV;2019;26.511;1.2;130.000.000
Suzuki;Ignis;Jakarta;Automatic;Merah;MPV;2019;39.988;1.2;129.000.000
Suzuki;Ignis;Jakarta;Automatic;Biru;MPV;2019;52.616;1.2;139.000.000
Suzuki;Ignis;Banten;Automatic;Abu-Abu;MPV;2019;44.577;1.2;114.000.000
Suzuki;Ignis;Jawa_Barat;Automatic;Merah;MPV;2019;56.603;1.2;137.000.000
Suzuki;Ignis;Jakarta;Automatic;Orange;MPV;2020;26.752;1.2;142.000.000
Suzuki;Ignis;Jakarta;Manual;Abu-Abu;MPV;2020;25.676;1.2;127.000.000
Suzuki;Ignis;Jawa_Barat;Automatic;Silver;MPV;2020;31.772;1.2;151.000.000
Suzuki;Ignis;Jakarta;Manual;Orange;MPV;2020;35.713;1.2;124.000.000
Suzuki;Ignis;Jawa_Barat;Automatic;Biru;MPV;2020;31.996;1.2;150.000.000
Suzuki;Ignis;Banten;Manual;Abu-Abu;MPV;2020;28.318;1.2;126.000.000
Suzuki;Ignis;Banten;Automatic;Orange;MPV;2021;41.360;1.2;149.000.000
Suzuki;Ignis;Jakarta;Automatic;Putih;MPV;2021;30.372;1.2;152.000.000
Suzuki;Ignis;Jawa_Barat;Manual;Orange;MPV;2021;27.394;1.2;132.000.000
Suzuki;Ignis;Jakarta;Manual;Orange;MPV;2021;20.906;1.2;137.000.000
Suzuki;Ignis;Jakarta;Manual;Orange;MPV;2021;49.085;1.2;129.000.000
Suzuki;Ignis;Jakarta;Automatic;Putih;MPV;2021;27.680;1.2;154.000.000
Suzuki;Ignis;Jawa_Barat;Manual;Abu-Abu;MPV;2021;30.950;1.2;135.000.000
Suzuki;Ignis;Jawa_Barat;Automatic;Orange;MPV;2022;15.217;1.2;156.000.000
Suzuki;Ignis;Banten;Automatic;Abu-Abu;MPV;2022;30.294;1.2;157.000.000
Suzuki;Ignis;Jawa_Barat;Automatic;Abu-Abu;MPV;2022;25.769;1.2;159.000.000
Suzuki;Ignis;Banten;Automatic;Hitam;MPV;2023;10.000;1.2;165.000.000
Suzuki;Ignis;Banten;Automatic;Orange;MPV;2023;12.290;1.2;159.000.000
Suzuki;Ignis;Jawa_Barat;Automatic;Abu-Abu;MPV;2023;12.950;1.2;166.000.000
Suzuki;Ignis;Jakarta;Automatic;Merah;MPV;2023;30.490;1.2;160.000.000
Suzuki;Baleno;Banten;Automatic;Putih;Hatchback;2021;37.768;1.5;189.000.000
Suzuki;Baleno;Jawa_Barat;Automatic;Putih;Hatchback;2023;7.000;1.5;219.000.000
Suzuki;Baleno;Banten;Manual;Hitam;Hatchback;2022;7.395;1.5;185.000.000
Suzuki;Baleno;Jawa_Barat;Automatic;Putih;Hatchback;2017;31.192;1.5;151.000.000
Suzuki;Baleno;Jakarta;Automatic;Silver;Hatchback;2019;48.000;1.5;148.000.000
Suzuki;Baleno;Jawa_Barat;Automatic;Putih;Hatchback;2017;81.000;1.5;148.000.000
Suzuki;Baleno;Jakarta;Automatic;Putih;Hatchback;2022;6.481;1.5;185.000.000
Suzuki;Baleno;Jakarta;Automatic;Hitam;Hatchback;2023;7.729;1.5;212.000.000
Suzuki;Baleno;Jawa_Barat;Automatic;Merah;Hatchback;2017;56.934;1.5;152.000.000
Suzuki;Baleno;Banten;Automatic;Putih;Hatchback;2019;53.287;1.5;170.000.000
Suzuki;Baleno;Banten;Automatic;Abu-Abu;Hatchback;2017;36.231;1.5;154.000.000
Suzuki;Baleno;Banten;Automatic;Hitam;Hatchback;2017;34.080;1.5;155.000.000
Suzuki;Baleno;Banten;Automatic;Biru;Hatchback;2018;70.000;1.5;149.000.000
Suzuki;Baleno;Jakarta;Automatic;Putih;Hatchback;2017;89.678;1.5;147.000.000
Suzuki;Baleno;Jakarta;Automatic;Abu-Abu;Hatchback;2020;22.047;1.5;185.000.000
Suzuki;Baleno;Jawa_Barat;Automatic;Merah;Hatchback;2017;68.579;1.5;150.000.000
Suzuki;Baleno;Banten;Automatic;Merah;Hatchback;2018;47.540;1.5;163.000.000
Suzuki;Baleno;Jakarta;Automatic;Hitam;Hatchback;2017;53.638;1.5;155.000.000
Suzuki;Baleno;Jakarta;Automatic;Putih;Hatchback;2023;22.000;1.5;205.000.000
Suzuki;Baleno;Jawa_Barat;Automatic;Putih;Hatchback;2019;39.852;1.5;172.000.000
Suzuki;Baleno;Banten;Automatic;Hitam;Hatchback;2023;18.570;1.5;212.000.000
Suzuki;Baleno;Banten;Automatic;Merah;Hatchback;2019;55.821;1.5;160.000.000
Suzuki;Baleno;Banten;Automatic;Silver;Hatchback;2021;28.993;1.5;191.000.000
Suzuki;Baleno;Jawa_Barat;Automatic;Abu-Abu;Hatchback;2019;45.227;1.5;168.000.000
Suzuki;Baleno;Jawa_Barat;Automatic;Abu-Abu;Hatchback;2023;4.124;1.5;213.000.000
Suzuki;Baleno;Jakarta;Automatic;Putih;Hatchback;2023;4.114;1.5;212.000.000
Suzuki;Baleno;Jakarta;Manual;Abu-Abu;Hatchback;2022;14.808;1.5;183.000.000
Suzuki;Baleno;Banten;Automatic;Hitam;Hatchback;2019;51.839;1.5;156.000.000
Suzuki;Baleno;Banten;Automatic;Merah;Hatchback;2020;49.475;1.5;183.000.000
Suzuki;Baleno;Jakarta;Automatic;Putih;Hatchback;2023;29.380;1.5;210.000.000
Suzuki;Baleno;Jawa_Barat;Manual;Abu-Abu;Hatchback;2021;8.431;1.5;174.000.000
Suzuki;Baleno;Jakarta;Automatic;Putih;Hatchback;2018;52.939;1.5;162.000.000
Suzuki;Baleno;Jawa_Barat;Automatic;Hitam;Hatchback;2023;12.859;1.5;213.000.000
Suzuki;Baleno;Banten;Automatic;Hitam;Hatchback;2019;45.227;1.5;158.000.000
Suzuki;Baleno;Jakarta;Automatic;Merah;Hatchback;2019;53.482;1.5;157.000.000
Suzuki;Baleno;Banten;Automatic;Silver;Hatchback;2017;42.197;1.5;166.000.000
Suzuki;Baleno;Jakarta;Automatic;Abu-Abu;Hatchback;2017;5.870;1.5;214.000.000
Suzuki;Baleno;Jakarta;Manual;Hitam;Hatchback;2022;28.520;1.5;184.000.000
Suzuki;Baleno;Banten;Manual;Abu-Abu;Hatchback;2020;29.589;1.5;179.000.000
Suzuki;Baleno;Jakarta;Manual;Abu-Abu;Hatchback;2021;28.950;1.5;168.000.000
Suzuki;Baleno;Jawa_Barat;Automatic;Abu-Abu;Hatchback;2019;53.820;1.5;159.000.000
Suzuki;Baleno;Jakarta;Automatic;Abu-Abu;Hatchback;2017;12.840;1.5;213.000.000
Suzuki;Baleno;Banten;Manual;Hitam;Hatchback;2022;15.720;1.5;185.000.000
Suzuki;Baleno;Jawa_Barat;Automatic;Abu-Abu;Hatchback;2020;53.365;1.5;170.000.000
Suzuki;Baleno;Jawa_Barat;Automatic;Hitam;Hatchback;2023;7.289;1.5;214.000.000
Suzuki;Baleno;Banten;Automatic;Abu-Abu;Hatchback;2020;40.045;1.5;178.000.000
Suzuki;Baleno;Jawa_Barat;Automatic;Merah;Hatchback;2018;70.159;1.5;149.000.000
Suzuki;Baleno;Jakarta;Automatic;Silver;Hatchback;2023;2.859;1.5;213.000.000
Suzuki;Baleno;Banten;Automatic;Hitam;Hatchback;2017;76.839;1.5;214.000.000
Suzuki;Baleno;Jawa_Barat;Automatic;Abu-Abu;Hatchback;2023;2.859;1.5;215.000.000
Suzuki;XL7;Jawa_Barat;Automatic;Putih;MPV;2021;68.000;1.5;215.000.000
Suzuki;XL7;Jakarta;Automatic;Coklat;MPV;2023;28.383;1.5;217.000.000
Suzuki;XL7;Jakarta;Automatic;Orange;MPV;2021;30.001;1.5;209.000.000
Suzuki;XL7;Jakarta;Automatic;Putih;MPV;2023;40.000;1.5;211.500.000
Suzuki;XL7;Jakarta;Automatic;Abu-Abu;MPV;2023;17.738;1.5;199.000.000
Suzuki;XL7;Banten;Automatic;Putih;MPV;2021;42.579;1.5;202.000.000
Suzuki;XL7;Jawa_Barat;Automatic;Hitam;MPV;2021;41.662;1.5;207.000.000
Suzuki;XL7;Jakarta;Automatic;Coklat;MPV;2020;53.670;1.5;199.000.000
Suzuki;XL7;Banten;Automatic;Orange;MPV;2020;65.737;1.5;202.000.000
Suzuki;XL7;Jawa_Barat;Automatic;Orange;MPV;2022;28.000;1.5;209.000.000
Suzuki;XL7;Banten;Automatic;Coklat;MPV;2023;14.870;1.5;225.000.000
Suzuki;XL7;Jawa_Barat;Automatic;Coklat;MPV;2022;20.106;1.5;215.000.000
Suzuki;XL7;Jakarta;Automatic;Abu-Abu;MPV;2022;12.998;1.5;207.000.000
Suzuki;XL7;Jawa_Barat;Automatic;Abu-Abu;MPV;2022;28.590;1.5;205.000.000
Suzuki;XL7;Banten;Automatic;Hitam;MPV;2021;73.775;1.5;197.000.000
Suzuki;XL7;Jawa_Barat;Automatic;Hitam;MPV;2020;68.390;1.5;202.000.000
Suzuki;XL7;Jawa_Barat;Automatic;Coklat;MPV;2022;28.790;1.5;213.000.000
Suzuki;XL7;Banten;Automatic;Abu-Abu;MPV;2022;15.790;1.5;207.000.000
Suzuki;XL7;Jakarta;Automatic;Abu-Abu;MPV;2021;37.538;1.5;195.000.000
Suzuki;XL7;Jakarta;Automatic;Coklat;MPV;2020;56.900;1.5;201.000.000
Suzuki;XL7;Banten;Automatic;Abu-Abu;MPV;2022;39.050;1.5;200.000.000
Suzuki;XL7;Banten;Automatic;Coklat;MPV;2022;37.590;1.5;210.000.000
Suzuki;XL7;Banten;Automatic;Coklat;MPV;2022;18.390;1.5;205.000.000
Suzuki;XL7;Jawa_Barat;Automatic;Putih;MPV;2021;34.375;1.5;203.000.000
Suzuki;XL7;Jawa_Barat;Automatic;Hitam;MPV;2020;69.580;1.5;200.000.000
Suzuki;XL7;Banten;Automatic;Orange;MPV;2022;14.251;1.5;212.000.000
Suzuki;XL7;Banten;Automatic;Coklat;MPV;2020;49.760;1.5;202.000.000
Suzuki;XL7;Banten;Automatic;Putih;MPV;2021;32.790;1.5;202.000.000
Suzuki;XL7;Jawa_Barat;Automatic;Orange;MPV;2022;38.598;1.5;210.000.000
Suzuki;XL7;Jawa_Barat;Automatic;Orange;MPV;2021;35.986;1.5;188.000.000
Suzuki;XL7;Banten;Automatic;Coklat;MPV;2020;31.279;1.5;203.000.000
Suzuki;XL7;Jawa_Barat;Automatic;Hitam;MPV;2020;35.268;1.5;201.000.000
Suzuki;XL7;Jawa_Barat;Automatic;Hitam;MPV;2020;39.579;1.5;200.000.000
Suzuki;XL7;Jawa_Barat;Automatic;Abu-Abu;MPV;2021;27.549;1.5;198.000.000
Suzuki;XL7;Jakarta;Automatic;Putih;MPV;2020;47.599;1.5;205.000.000
Suzuki;XL7;Banten;Automatic;Coklat;MPV;2022;12.340;1.5;207.000.000
Suzuki;XL7;Banten;Automatic;Coklat;MPV;2023;13.717;1.5;197.000.000
Suzuki;XL7;Jawa_Barat;Automatic;Hitam;MPV;2021;28.490;1.5;207.000.000
Suzuki;XL7;Banten;Automatic;Orange;MPV;2022;37.586;1.5;210.000.000
Suzuki;XL7;Jakarta;Automatic;Hitam;MPV;2021;37.290;1.5;205.000.000
Suzuki;XL7;Jawa_Barat;Automatic;Orange;MPV;2020;42.637;1.5;202.000.000
Suzuki;XL7;Banten;Automatic;Abu-Abu;MPV;2020;45.989;1.5;190.000.000
Suzuki;XL7;Banten;Automatic;Putih;MPV;2023;3.578;1.5;203.000.000
Suzuki;XL7;Jakarta;Automatic;Abu-Abu;MPV;2022;39.580;1.5;205.000.000
Suzuki;XL7;Banten;Automatic;Orange;MPV;2023;18.175;1.5;225.000.000
Suzuki;XL7;Jawa_Barat;Automatic;Orange;MPV;2020;40.865;1.5;201.000.000
Suzuki;XL7;Banten;Automatic;Orange;MPV;2023;15.368;1.5;225.000.000
Suzuki;XL7;Banten;Automatic;Putih;MPV;2021;34.008;1.5;201.000.000
Suzuki;XL7;Jawa_Barat;Automatic;Putih;MPV;2022;20.172;1.5;220.000.000
Suzuki;XL7;Banten;Automatic;Putih;MPV;2023;27.400;1.5;200.000.000
Mitsubishi;Xpander;Banten;Manual;Silver;MPV;2017;37.291;1.5;187.000.000
Mitsubishi;Xpander;Jakarta;Automatic;Putih;MPV;2017;23.947;1.5;189.000.000
Mitsubishi;Xpander;Jakarta;Automatic;Merah;MPV;2017;70.000;1.5;179.000.000
Mitsubishi;Xpander;Banten;Automatic;Putih;MPV;2020;37.000;1.5;195.000.000
Mitsubishi;Xpander;Jakarta;Automatic;Hitam;MPV;2021;35.693;1.5;220.000.000
Mitsubishi;Xpander;Jakarta;Manual;Silver;MPV;2018;63.000;1.5;175.000.000
Mitsubishi;Xpander;Jawa_Barat;Automatic;Hitam;MPV;2022;63.394;1.5;253.000.000
Mitsubishi;Xpander;Jawa_Barat;Automatic;Hitam;MPV;2021;37.000;1.5;210.500.000
Mitsubishi;Xpander;Jakarta;Automatic;Hitam;MPV;2020;56.351;1.5;216.000.000
Mitsubishi;Xpander;Jakarta;Automatic;Abu-Abu;MPV;2021;54.088;1.5;225.000.000
Mitsubishi;Xpander;Jawa_Barat;Manual;Silver;MPV;2023;25.000;1.5;193.500.000
Mitsubishi;Xpander;Jawa_Barat;Manual;Silver;MPV;2019;30.378;1.5;199.000.000
Mitsubishi;Xpander;Jawa_Barat;Automatic;Abu-Abu;MPV;2020;38.872;1.5;227.000.000
Mitsubishi;Xpander;Banten;Automatic;Putih;MPV;2021;25.862;1.5;198.000.000
Mitsubishi;Xpander;Jawa_Barat;Automatic;Silver;MPV;2021;52.175;1.5;255.000.000
Mitsubishi;Xpander;Jakarta;Automatic;Silver;MPV;2022;31.000;1.5;229.500.000
Mitsubishi;Xpander;Jawa_Barat;Automatic;Silver;MPV;2020;62.639;1.5;190.000.000
Mitsubishi;Xpander;Banten;Automatic;Putih;MPV;2020;62.880;1.5;210.000.000
Mitsubishi;Xpander;Jawa_Barat;Automatic;Putih;MPV;2020;98.520;1.5;195.000.000
Mitsubishi;Xpander;Banten;Automatic;Hitam;MPV;2023;11.664;1.5;252.000.000
Mitsubishi;Xpander;Jawa_Barat;Automatic;Hitam;MPV;2023;12.580;1.5;252.000.000
Mitsubishi;Xpander;Jawa_Barat;Automatic;Putih;MPV;2021;30.703;1.5;218.000.000
Mitsubishi;Xpander;Jakarta;Automatic;Putih;MPV;2023;10.154;1.5;268.000.000
Mitsubishi;Xpander;Banten;Automatic;Merah;MPV;2019;57.359;1.5;178.000.000
Mitsubishi;Xpander;Jawa_Barat;Automatic;Hitam;MPV;2023;21.590;1.5;226.000.000
Mitsubishi;Xpander;Banten;Automatic;Putih;MPV;2023;17.580;1.5;230.000.000
Mitsubishi;Xpander;Jawa_Barat;Automatic;Silver;MPV;2021;56.320;1.5;220.000.000
Mitsubishi;Xpander;Jawa_Barat;Automatic;Merah;MPV;2019;81.000;1.5;177.500.000
Mitsubishi;Xpander;Banten;Automatic;Abu-Abu;MPV;2019;72.659;1.5;196.000.000
Mitsubishi;Xpander;Banten;Manual;Abu-Abu;MPV;2018;82.000;1.5;181.500.000
Mitsubishi;Xpander;Jawa_Barat;Automatic;Hitam;MPV;2018;87.852;1.5;193.000.000
Mitsubishi;Xpander;Jakarta;Automatic;Silver;MPV;2018;76.883;1.5;194.000.000
Mitsubishi;Xpander;Banten;Automatic;Silver;MPV;2023;19.470;1.5;230.000.000
Mitsubishi;Xpander;Jakarta;Automatic;Abu-Abu;MPV;2023;12.650;1.5;235.000.000
Mitsubishi;Xpander;Jakarta;Automatic;Silver;MPV;2020;47.590;1.5;192.000.000
Mitsubishi;Xpander;Banten;Automatic;Silver;MPV;2019;50.870;1.5;206.000.000
Mitsubishi;Xpander;Jakarta;Automatic;Abu-Abu;MPV;2020;58.089;1.5;225.000.000
Mitsubishi;Xpander;Jawa_Barat;Automatic;Hitam;MPV;2019;52.053;1.5;204.000.000
Mitsubishi;Xpander;Jakarta;Automatic;Silver;MPV;2023;34.683;1.5;225.000.000
Mitsubishi;Xpander;Jakarta;Automatic;Silver;MPV;2019;58.450;1.5;207.000.000
Mitsubishi;Xpander;Jakarta;Manual;Hitam;MPV;2018;84.290;1.5;174.000.000
Mitsubishi;Xpander;Jakarta;Automatic;Silver;MPV;2018;75.455;1.5;178.000.000
Mitsubishi;Xpander;Jakarta;Automatic;Hitam;MPV;2019;14.448;1.5;205.000.000
Mitsubishi;Xpander;Jakarta;Automatic;Hitam;MPV;2020;65.782;1.5;215.000.000
Mitsubishi;Xpander;Banten;Automatic;Abu-Abu;MPV;2018;74.241;1.5;188.000.000
Mitsubishi;Xpander;Jakarta;Automatic;Silver;MPV;2020;45.792;1.5;192.000.000
Mitsubishi;Xpander;Jawa_Barat;Automatic;Silver;MPV;2021;43.688;1.5;238.000.000
Mitsubishi;Xpander;Jawa_Barat;Automatic;Coklat;MPV;2019;66.462;1.5;203.000.000
Mitsubishi;Xpander;Jawa_Barat;Automatic;Putih;MPV;2022;23.000;1.5;240.000.000
Mitsubishi;Xpander;Jawa_Barat;Automatic;Putih;MPV;2020;75.627;1.5;197.000.000
Mitsubishi;Xpander_Cross;Banten;Automatic;Putih;MPV;2020;62.000;1.5;223.000.000
Mitsubishi;Xpander_Cross;Banten;Automatic;Putih;MPV;2019;77.531;1.5;219.000.000
Mitsubishi;Xpander_Cross;Banten;Automatic;Abu-Abu;MPV;2022;24.000;1.5;268.000.000
Mitsubishi;Xpander_Cross;Jakarta;Automatic;Putih;MPV;2023;21.000;1.5;285.000.000
Mitsubishi;Xpander_Cross;Jawa_Barat;Automatic;Putih;MPV;2021;42.540;1.5;239.000.000
Mitsubishi;Xpander_Cross;Jakarta;Automatic;Silver;MPV;2020;55.148;1.5;227.000.000
Mitsubishi;Xpander_Cross;Jakarta;Automatic;Putih;MPV;2023;8.000;1.5;289.000.000
Mitsubishi;Xpander_Cross;Jakarta;Automatic;Orange;MPV;2020;62.231;1.5;234.000.000
Mitsubishi;Xpander_Cross;Jawa_Barat;Automatic;Hitam;MPV;2022;24.057;1.5;271.000.000
Mitsubishi;Xpander_Cross;Jakarta;Automatic;Abu-Abu;MPV;2023;39.000;1.5;272.500.000
Mitsubishi;Xpander_Cross;Banten;Automatic;Putih;MPV;2021;49.000;1.5;234.000.000
Mitsubishi;Xpander_Cross;Jawa_Barat;Automatic;Hitam;MPV;2020;67.000;1.5;215.000.000
Mitsubishi;Xpander_Cross;Banten;Automatic;Hitam;MPV;2021;45.338;1.5;233.000.000
Mitsubishi;Xpander_Cross;Jawa_Barat;Automatic;Silver;MPV;2019;39.621;1.5;215.000.000
Mitsubishi;Xpander_Cross;Banten;Automatic;Hitam;MPV;2022;23.290;1.5;271.500.000
Mitsubishi;Xpander_Cross;Jakarta;Automatic;Silver;MPV;2022;7.552;1.5;263.000.000
Mitsubishi;Xpander_Cross;Jakarta;Automatic;Putih;MPV;2019;30.646;1.5;229.000.000
Mitsubishi;Xpander_Cross;Jawa_Barat;Automatic;Hitam;MPV;2019;54.166;1.5;249.000.000
Mitsubishi;Xpander_Cross;Jawa_Barat;Automatic;Hitam;MPV;2021;61.959;1.5;231.000.000
Mitsubishi;Xpander_Cross;Jawa_Barat;Automatic;Putih;MPV;2020;44.104;1.5;228.000.000
Mitsubishi;Xpander_Cross;Banten;Automatic;Hitam;MPV;2021;53.025;1.5;238.000.000
Mitsubishi;Xpander_Cross;Jawa_Barat;Automatic;Abu-Abu;MPV;2023;33.000;1.5;279.000.000
Mitsubishi;Xpander_Cross;Jawa_Barat;Automatic;Abu-Abu;MPV;2020;38.872;1.5;227.000.000
Mitsubishi;Xpander_Cross;Jawa_Barat;Automatic;Silver;MPV;2020;23.840;1.5;229.000.000
Mitsubishi;Xpander_Cross;Jakarta;Automatic;Abu-Abu;MPV;2022;32.840;1.5;257.000.000
Mitsubishi;Xpander_Cross;Jakarta;Automatic;Putih;MPV;2020;45.790;1.5;232.000.000
Mitsubishi;Xpander_Cross;Jakarta;Automatic;Hitam;MPV;2022;34.830;1.5;269.000.000
Mitsubishi;Xpander_Cross;Jakarta;Automatic;Abu-Abu;MPV;2021;30.921;1.5;238.000.000
Mitsubishi;Xpander_Cross;Jawa_Barat;Manual;Hitam;MPV;2022;8.273;1.5;222.000.000
Mitsubishi;Xpander_Cross;Jawa_Barat;Manual;Hitam;MPV;2022;15.800;1.5;224.000.000
Mitsubishi;Xpander_Cross;Banten;Automatic;Hitam;MPV;2022;24.000;1.5;271.000.000
Mitsubishi;Xpander_Cross;Banten;Automatic;Abu-Abu;MPV;2021;23.409;1.5;241.000.000
Mitsubishi;Xpander_Cross;Banten;Automatic;Hitam;MPV;2023;14.000;1.5;285.000.000
Mitsubishi;Xpander_Cross;Jakarta;Automatic;Silver;MPV;2022;24.360;1.5;262.000.000
Mitsubishi;Xpander_Cross;Jawa_Barat;Automatic;Silver;MPV;2019;53.462;1.5;214.000.000
Mitsubishi;Xpander_Cross;Jakarta;Automatic;Hitam;MPV;2021;39.872;1.5;243.000.000
Mitsubishi;Xpander_Cross;Jakarta;Automatic;Hitam;MPV;2023;9.000;1.5;289.000.000
Mitsubishi;Xpander_Cross;Jawa_Barat;Automatic;Abu-Abu;MPV;2022;45.327;1.5;255.000.000
Mitsubishi;Xpander_Cross;Banten;Automatic;Silver;MPV;2022;24.357;1.5;262.000.000
Mitsubishi;Xpander_Cross;Jawa_Barat;Automatic;Putih;MPV;2019;57.680;1.5;225.000.000
Mitsubishi;Xpander_Cross;Banten;Automatic;Putih;MPV;2021;53.058;1.5;240.000.000
Mitsubishi;Xpander_Cross;Banten;Automatic;Hitam;MPV;2020;67.839;1.5;220.000.000
Mitsubishi;Xpander_Cross;Jakarta;Automatic;Hitam;MPV;2020;34.850;1.5;240.000.000
Mitsubishi;Xpander_Cross;Jakarta;Automatic;Putih;MPV;2023;17.000;1.5;288.000.000
Mitsubishi;Xpander_Cross;Jakarta;Automatic;Silver;MPV;2022;13.458;1.5;263.000.000
Mitsubishi;Xpander_Cross;Jakarta;Automatic;Abu-Abu;MPV;2022;32.840;1.5;257.000.000
Mitsubishi;Xpander_Cross;Jawa_Barat;Automatic;Hitam;MPV;2019;47.590;1.5;243.000.000
Mitsubishi;Xpander_Cross;Banten;Automatic;Putih;MPV;2020;60.485;1.5;230.000.000
Mitsubishi;Xpander_Cross;Jakarta;Automatic;Putih;MPV;2019;34.568;1.5;226.000.000
Mitsubishi;Xpander_Cross;Banten;Automatic;Putih;MPV;2022;18.806;1.5;245.000.000
Mitsubishi;Xpander_Cross;Banten;Automatic;Hitam;MPV;2021;45.378;1.5;242.000.000
